product_id,item,category,price,type
3851,white hanging heart t-light holder,Home Decor,2.55,online
3859,white metal lantern,Home Decor,3.39,online
885,cream cupid hearts coat hanger,"Health, Beauty & Personal Care",2.75,online
1873,knitted union flag hot water bottle,Party and Festive,3.39,online
2871,red woolly hottie white heart.,"Health, Beauty & Personal Care",3.39,online
3085,set 7 babushka nesting boxes,Home Decor,7.65,online
1487,glass star frosted t-light holder,Kitchen and Dining,4.25,online
1609,hand warmer union jack,"Health, Beauty & Personal Care",1.85,online
1606,hand warmer red polka dot,"Health, Beauty & Personal Care",1.85,online
209,assorted colour bird ornament,Home Decor,1.69,online
2702,poppy's playhouse bedroom,Toys and Games,2.1,online
2703,poppy's playhouse kitchen,Toys and Games,2.1,online
1246,feltcraft princess charlotte doll,Toys and Games,3.75,online
1766,ivory knitted mug cosy,Kitchen and Dining,1.65,online
525,box of 6 assorted colour teaspoons,Kitchen and Dining,4.25,online
531,box of vintage jigsaw blocks,Toys and Games,4.95,online
530,box of vintage alphabet blocks,Stationery and Craft,9.95,online
1703,home building block word,Toys and Games,5.95,online
1998,love building block word,Toys and Games,5.95,online
2774,recipe box with metal heart,Home Decor,7.95,online
1058,doormat new england,Home Decor,7.95,online
1795,jam making set with jars,Kitchen and Dining,4.25,online
2793,red coat rack paris fashion,Apparel and Accessories,4.95,online
3991,yellow coat rack paris fashion,Apparel and Accessories,4.95,online
413,blue coat rack paris fashion,Apparel and Accessories,4.95,online
278,bath building block word,Toys and Games,5.95,online
138,alarm clock bakelike pink,Apparel and Accessories,3.75,online
139,alarm clock bakelike red,Home Decor,3.75,online
135,alarm clock bakelike green,Home Decor,3.75,online
2389,panda and bunnies sticker sheet,Kitchen and Dining,0.85,online
3482,stars gift tape,Stationery and Craft,0.65,online
1752,inflatable political globe,Home Decor,0.85,online
3730,vintage heads and tails card game,Toys and Games,1.25,online
3225,set/2 red retrospot tea towels,"Health, Beauty & Personal Care",2.95,online
2990,round snack boxes set of4 woodland,Kitchen and Dining,2.95,online
3446,spaceboy lunch box,Toys and Games,1.95,online
2028,lunch box i love london,Kitchen and Dining,1.95,online
800,circus parade lunch box,Kitchen and Dining,1.95,online
688,charlotte bag dolly girl design,Toys and Games,0.85,online
2867,red toadstool led night light,Garden and Outdoor,1.65,online
3062,set 2 tea towels i love london,"Health, Beauty & Personal Care",2.95,online
3759,vintage seaside jigsaw puzzles,Toys and Games,3.75,online
2119,mini jigsaw circus parade,Toys and Games,0.42,online
2125,mini jigsaw spaceboy,Toys and Games,0.42,online
2129,mini paint set vintage,Stationery and Craft,0.65,online
2711,postage,Administrative,18.0,online
2408,paper chain kit 50's christmas,Seasonal,2.55,online
1124,edwardian parasol red,Garden and Outdoor,4.95,online
2895,retro coffee mugs assorted,Kitchen and Dining,1.06,online
3031,save the planet mug,Kitchen and Dining,1.06,online
3700,vintage billboard drink me mug,Kitchen and Dining,1.06,online
3701,vintage billboard love/hate mug,Kitchen and Dining,1.06,online
3899,wood 2 drawer cabinet white finish,Home Decor,4.95,online
3902,wood s/3 cabinet ant white finish,Home Decor,6.95,online
3917,wooden picture frame white finish,Home Decor,2.1,online
3913,wooden frame antique white,Home Decor,2.55,online
3683,victorian sewing box large,Stationery and Craft,10.95,online
1729,hot water bottle tea and sympathy,"Health, Beauty & Personal Care",3.45,online
2807,red hanging heart t-light holder,Home Decor,2.55,online
1826,jumbo bag pink polkadot,Apparel and Accessories,1.95,online
1816,jumbo  bag baroque black white,Apparel and Accessories,1.95,online
1820,jumbo bag charlie and lola toys,Toys and Games,2.95,online
3495,strawberry charlotte bag,Apparel and Accessories,0.85,online
2788,red 3 piece retrospot cutlery set,Kitchen and Dining,3.75,online
400,blue 3 piece polkadot cutlery set,Kitchen and Dining,3.75,online
3272,set/6 red spotty paper plates,Kitchen and Dining,0.85,online
2018,lunch bag red retrospot,Kitchen and Dining,1.65,online
3499,strawberry lunch box with cutlery,Kitchen and Dining,2.55,online
2030,lunch box with cutlery retrospot,Kitchen and Dining,2.55,online
2363,pack of 72 retrospot cake cases,Kitchen and Dining,0.42,online
2359,pack of 60 dinosaur cake cases,Toys and Games,0.55,online
2361,pack of 60 pink paisley cake cases,Kitchen and Dining,0.55,online
100,60 teatime fairy cake cases,Kitchen and Dining,0.55,online
3590,tomato charlie+lola coaster set,Kitchen and Dining,2.95,online
675,charlie & lola wastepaper bin flora,Stationery and Craft,1.25,online
2792,red charlie+lola personal doorsign,Home Decor,0.38,online
1841,jumbo storage bag suki,Toys and Games,1.95,online
1827,jumbo bag pink vintage paisley,Apparel and Accessories,1.95,online
1794,jam making set printed,Kitchen and Dining,1.45,online
2921,retrospot tea set ceramic 11 pc,Kitchen and Dining,4.25,online
1452,girly pink tool set,Garden and Outdoor,4.95,online
1839,jumbo shopper vintage red paisley,Apparel and Accessories,1.95,online
133,"airline lounge,metal sign",Home Decor,2.1,online
3869,white spot red ceramic drawer knob,Kitchen and Dining,1.25,online
2798,red drawer knob acrylic edwardian,Home Decor,1.25,online
827,clear drawer knob acrylic edwardian,Home Decor,1.25,online
2486,photo clip line,Home Decor,1.25,online
1219,felt egg cosy chicken,Kitchen and Dining,0.85,online
2503,piggy bank retrospot,Kitchen and Dining,2.55,online
3344,skull shoulder bag,Apparel and Accessories,1.65,online
4005,you're confusing me metal sign,Home Decor,1.69,online
857,cook with wine metal sign,Kitchen and Dining,1.95,online
1439,gin + tonic diet metal sign,Home Decor,2.1,online
3990,yellow breakfast cup and saucer,Kitchen and Dining,2.95,online
2529,pink breakfast cup and saucer,Kitchen and Dining,2.95,online
2411,paper chain kit retrospot,Toys and Games,2.95,online
3377,small heart flowers hook,Home Decor,0.85,online
3559,tea time des tea cosy,Kitchen and Dining,2.55,online
1221,felt egg cosy white rabbit,Kitchen and Dining,0.85,online
4030,zinc willie winkie  candle stick,Home Decor,0.85,online
661,ceramic cherry cake money bank,Kitchen and Dining,1.45,online
2916,retrospot large milk jug,Kitchen and Dining,4.95,online
3182,set of 6 funky beakers,Kitchen and Dining,2.95,online
1121,edwardian parasol black,Garden and Outdoor,5.95,online
1122,edwardian parasol natural,Garden and Outdoor,5.95,online
666,ceramic strawberry cake money bank,Kitchen and Dining,1.45,online
452,blue owl soft toy,Toys and Games,2.95,online
267,balloon art make your own flowers,Party and Festive,1.95,online
1477,glass cloche small,Kitchen and Dining,3.95,online
1588,gumball monochrome coat rack,Apparel and Accessories,1.06,online
1050,doormat fancy font home sweet home,Garden and Outdoor,6.75,online
3761,vintage snakes & ladders,Stationery and Craft,3.75,online
745,chocolate calculator,Stationery and Craft,1.65,online
2784,recycling bag retrospot,Kitchen and Dining,2.1,online
3597,toy tidy pink polkadot,Toys and Games,1.85,online
174,antique glass dressing table pot,Kitchen and Dining,2.95,online
1760,ivory giant garden thermometer,Garden and Outdoor,5.95,online
43,3 tier cake tin green and cream,"Health, Beauty & Personal Care",14.95,online
44,3 tier cake tin red and cream,"Health, Beauty & Personal Care",14.95,online
3067,set 3 wicker oval baskets w lids,Home Decor,16.95,online
3901,wood black board ant white finish,Home Decor,6.45,online
845,colour glass t-light holder hanging,Kitchen and Dining,0.65,online
1632,hanging metal heart lantern,Home Decor,1.65,online
1630,hanging medina lantern small,Home Decor,2.95,online
2219,natural slate heart chalkboard,Stationery and Craft,2.95,online
1666,heart of wicker small,Home Decor,1.45,online
1665,heart of wicker large,Home Decor,2.55,online
3858,white lovebird lantern,Home Decor,2.95,online
818,classic metal birdcage plant holder,Garden and Outdoor,12.75,online
889,cream heart card holder,"Health, Beauty & Personal Care",3.95,online
1171,enamel flower jug cream,"Health, Beauty & Personal Care",5.95,online
1170,enamel fire bucket cream,"Health, Beauty & Personal Care",6.95,online
1167,enamel bread bin cream,"Health, Beauty & Personal Care",10.95,online
1822,jumbo bag dolly girl design,Toys and Games,1.95,online
3600,traditional christmas ribbons,Seasonal,1.25,online
2293,organiser wood antique white,Home Decor,8.5,online
2015,lunch bag dolly girl design,Toys and Games,1.65,online
3883,white wire egg holder,Home Decor,4.95,online
1828,jumbo bag red retrospot,Kitchen and Dining,1.65,online
738,chilli lights,Home Decor,3.82,online
1975,light garland butterfiles pink,Party and Festive,3.37,online
3916,wooden owls light garland,Party and Festive,3.37,online
1205,fairy tale cottage nightlight,Stationery and Craft,1.45,online
1705,home small wood letters,Garden and Outdoor,4.95,online
1444,gingham heart  doorstop red,Apparel and Accessories,4.25,online
1271,five heart hanging decoration,Party and Festive,2.95,online
205,assorted bottle top  magnets,Kitchen and Dining,0.42,online
1381,fridge magnets us diner assorted,Home Decor,0.85,online
1717,homemade jam scented candles,"Health, Beauty & Personal Care",1.45,online
1380,fridge magnets les enfants assorted,Apparel and Accessories,0.85,online
2964,rose caravan doorstop,Apparel and Accessories,6.75,online
79,5 hook hanger magic toadstool,Garden and Outdoor,1.65,online
765,christmas lights 10 reindeer,Seasonal,8.5,online
3765,vintage union jack cushion cover,Stationery and Craft,4.95,online
3124,set of 3 coloured  flying ducks,Home Decor,5.45,online
3126,set of 3 gold flying ducks,Home Decor,6.35,online
2854,red retrospot umbrella,Kitchen and Dining,5.95,online
388,black/blue polkadot umbrella,Apparel and Accessories,5.95,online
2796,red diner wall clock,Home Decor,8.5,online
418,blue diner wall clock,Home Decor,8.5,online
1757,ivory diner wall clock,Home Decor,8.5,online
1908,large heart measuring spoons,Kitchen and Dining,1.65,online
3378,small heart measuring spoons,Kitchen and Dining,0.85,online
1793,jam jar with pink lid,Kitchen and Dining,0.72,online
1792,jam jar with green lid,Kitchen and Dining,0.72,online
2966,rose cottage keepsake box,Stationery and Craft,8.5,online
1626,hanging heart zinc t-light holder,Home Decor,0.64,online
2413,paper chain kit vintage christmas,Seasonal,2.55,online
1002,disco ball christmas decoration,Seasonal,0.1,online
3393,small popcorn holder,Home Decor,0.72,online
1916,large popcorn holder,Home Decor,1.45,online
3226,set/20 red retrospot paper napkins,Kitchen and Dining,0.64,online
3271,set/6 red spotty paper cups,Kitchen and Dining,0.65,online
2687,polkadot rain hat,Apparel and Accessories,0.32,online
976,deluxe sewing kit,Toys and Games,4.95,online
2914,retrospot heart hot water bottle,"Health, Beauty & Personal Care",4.25,online
1182,english rose hot water bottle,"Health, Beauty & Personal Care",3.75,online
2487,photo cube,Home Decor,1.48,online
42,3 stripey mice feltcraft,Stationery and Craft,1.95,online
3195,set of 6 soldier skittles,Toys and Games,3.75,online
3606,traditional wooden skipping rope,Toys and Games,1.25,online
3911,wooden box of dominoes,Toys and Games,1.25,online
2999,rustic  seventeen drawer sideboard,Home Decor,165.0,online
2445,party cones carnival assorted,Party and Festive,1.25,online
2442,party cones candy assorted,Party and Festive,1.25,online
2496,picnic basket wicker small,Garden and Outdoor,5.95,online
3475,star decoration painted zinc,Party and Festive,0.65,online
2915,retrospot lamp,Kitchen and Dining,9.95,online
1209,"fancy font birthday card,",Apparel and Accessories,0.42,online
1608,hand warmer scotty dog design,"Health, Beauty & Personal Care",1.85,online
1604,hand warmer owl design,"Health, Beauty & Personal Care",1.85,online
1607,hand warmer red retrospot,"Health, Beauty & Personal Care",1.85,online
1009,dog bowl chasing ball design,Kitchen and Dining,3.75,online
833,clothes pegs retrospot pack 24,Kitchen and Dining,1.25,online
1598,hand over the chocolate   sign,Home Decor,2.1,online
3623,travel sewing kit,Toys and Games,1.65,online
365,black heart card holder,Stationery and Craft,3.95,online
706,chick grey hot water bottle,"Health, Beauty & Personal Care",3.45,online
3372,small glass heart trinket pot,Kitchen and Dining,2.1,online
136,alarm clock bakelike ivory,Home Decor,3.75,online
137,alarm clock bakelike orange,Home Decor,3.75,online
1603,hand warmer bird design,"Health, Beauty & Personal Care",2.1,online
1758,ivory embroidered quilt,Home Decor,35.75,online
3120,set of 3 black flying ducks,Home Decor,4.65,online
2334,pack of 12 red retrospot tissues,"Health, Beauty & Personal Care",0.29,online
2836,red retrospot mug,Kitchen and Dining,2.95,online
244,babushka lights string of 10,Apparel and Accessories,6.75,online
1049,doormat fairy cake,Kitchen and Dining,7.95,online
3493,strawberry ceramic trinket box,Home Decor,1.25,online
2552,pink doughnut trinket pot,Kitchen and Dining,1.65,online
3284,silk purse babushka pink,Apparel and Accessories,3.35,online
1726,hot water bottle i am so poorly,"Health, Beauty & Personal Care",4.65,online
746,chocolate hot water bottle,"Health, Beauty & Personal Care",4.95,online
3866,white skull hot water bottle,"Health, Beauty & Personal Care",3.75,online
3040,scottie dog hot water bottle,"Health, Beauty & Personal Care",4.95,online
320,bird house hot water bottle,"Health, Beauty & Personal Care",2.55,online
523,boudoir square tissue box,Stationery and Craft,1.25,online
3352,skulls square tissue box,Stationery and Craft,1.25,online
2489,photo frame cornice,Home Decor,2.95,online
3285,silk purse babushka red,Apparel and Accessories,3.35,online
2498,picture dominoes,Toys and Games,1.45,online
3020,s/6 sew on crochet flowers,Home Decor,1.25,online
3036,scandinavian reds ribbons,Party and Festive,1.25,online
270,balloons  writing set,Party and Festive,1.65,online
1937,lavender incense in tin,"Health, Beauty & Personal Care",1.25,online
3663,tv dinner tray vintage paisley,Kitchen and Dining,4.95,online
3152,set of 4 english rose placemats,Kitchen and Dining,3.75,online
3151,set of 4 english rose coasters,Kitchen and Dining,1.25,online
3633,triple photo frame cornice,Home Decor,9.95,online
1207,family photo frame cornice,Home Decor,9.95,online
2151,mirrored disco ball,Party and Festive,5.95,online
1003,disco ball rotator battery operated,Party and Festive,4.25,online
3311,silver looking mirror,Home Decor,4.95,online
1878,ladies & gentlemen metal sign,Home Decor,2.55,online
2092,metal sign her dinner is served,Home Decor,2.95,online
1063,doormat topiary,Apparel and Accessories,7.95,online
281,bathroom metal sign,"Health, Beauty & Personal Care",0.55,online
1865,kitchen metal sign,Toys and Games,0.55,online
3588,toilet metal sign,"Health, Beauty & Personal Care",0.55,online
2095,metal sign take it or leave it,Home Decor,2.95,online
1741,i'm on holiday metal sign,Home Decor,2.1,online
1582,grow your own basil in enamel mug,Kitchen and Dining,2.1,online
3221,set/10 pink polkadot party candles,Party and Festive,1.25,online
3063,set 20 napkins fairy cakes design,Kitchen and Dining,0.85,online
3201,set of 6 t-lights snowmen,Home Decor,2.95,online
3200,set of 6 t-lights santa,Seasonal,2.95,online
3214,set of 9 heart shaped balloons,Party and Festive,1.25,online
3027,sandwich bath sponge,"Health, Beauty & Personal Care",1.25,online
190,apple bath sponge,"Health, Beauty & Personal Care",1.25,online
3492,strawberry bath sponge,"Health, Beauty & Personal Care",1.25,online
373,black pirate treasure chest,Home Decor,1.65,online
3477,star portable table light,Home Decor,2.95,online
3422,snowflake portable table light,Home Decor,2.95,online
2605,pink oval jewelled mirror,Apparel and Accessories,5.95,online
2912,retrospot cigar box matches,Kitchen and Dining,1.25,online
868,cosy hour giant tube matches,Home Decor,2.55,online
1803,jazz hearts purse notebook,Apparel and Accessories,0.85,online
600,candleholder pink hanging heart,Apparel and Accessories,2.95,online
212,assorted colour mini cases,Kitchen and Dining,7.95,online
2021,lunch bag spaceboy design,Toys and Games,1.65,online
2027,lunch bag woodland,Apparel and Accessories,1.65,online
2017,lunch bag pink polkadot,Apparel and Accessories,1.65,online
1586,gumball coat rack,Apparel and Accessories,2.55,online
449,blue new baroque candlestick candle,Home Decor,2.95,online
2604,pink new baroquecandlestick candle,Apparel and Accessories,2.95,online
1198,fairy cake flannel assorted colour,Kitchen and Dining,2.55,online
538,bread bin diner style pink,Kitchen and Dining,16.95,online
3563,tea time table cloth,Kitchen and Dining,10.65,online
1724,hot water bottle babushka,"Health, Beauty & Personal Care",4.25,online
1662,heart ivory trellis small,Home Decor,1.25,online
2553,pink drawer knob acrylic edwardian,Apparel and Accessories,1.25,online
1533,green drawer knob acrylic edwardian,Home Decor,1.25,online
421,blue drawer knob acrylic edwardian,Home Decor,1.25,online
3081,set 6 football celebration candles,Home Decor,1.25,online
3183,set of 6 girls celebration candles,Home Decor,1.25,online
2960,romantic pinks ribbons,Party and Festive,1.25,online
542,bright blues ribbons,Party and Festive,1.25,online
744,chocolate box ribbons,Party and Festive,1.25,online
2449,party invites football,Party and Festive,0.85,online
2450,party invites jazz hearts,Party and Festive,0.85,online
2451,party invites spaceman,Party and Festive,0.85,online
3121,set of 3 butterfly cookie cutters,Kitchen and Dining,1.25,online
3128,set of 3 heart cookie cutters,Kitchen and Dining,1.25,online
37,3 piece spaceboy cookie cutter set,Toys and Games,2.1,online
2364,pack of 72 skull cake cases,Kitchen and Dining,0.55,online
2362,pack of 60 spaceboy cake cases,Toys and Games,0.55,online
104,72 sweetheart fairy cake cases,Kitchen and Dining,0.55,online
2022,lunch bag suki  design,Toys and Games,1.65,online
2013,lunch bag cars blue,Apparel and Accessories,1.65,online
2010,lunch bag  black skull.,Apparel and Accessories,1.65,online
1661,heart ivory trellis large,Home Decor,1.65,online
3254,set/5 red retrospot lid glass bowls,Kitchen and Dining,2.55,online
2040,magic drawing slate dinosaur,Toys and Games,0.42,online
2037,magic drawing slate bake a cake,Toys and Games,0.42,online
13,12 pencils tall tube skulls,Stationery and Craft,0.85,online
2787,red  harmonica in box,Home Decor,1.25,online
438,blue harmonica in box,Home Decor,1.25,online
3347,skulls  water transfer tattoos,Toys and Games,0.85,online
2314,pack 3 boxes bird pannetone,Kitchen and Dining,1.95,online
3116,set of 20 kids cookie cutters,Toys and Games,2.1,online
1,10 colour spaceboy pen,Toys and Games,0.85,online
3682,victorian glass hanging t-light,Kitchen and Dining,1.25,online
3335,single heart zinc t-light holder,Home Decor,0.95,online
1634,hanging metal star lantern,Home Decor,1.65,online
3304,silver hanging t-light holder,Home Decor,1.65,online
1060,doormat red retrospot,Kitchen and Dining,7.95,online
1051,doormat hearts,Home Decor,7.95,online
2220,natural slate rectangle chalkboard,Stationery and Craft,1.65,online
2008,lovebird hanging decoration white,Party and Festive,0.85,online
2479,pens assorted funny face,Stationery and Craft,0.85,online
624,card circus parade,Stationery and Craft,0.42,online
3963,wrap cowboys,Stationery and Craft,0.42,online
131,airline bag vintage tokyo 78,Apparel and Accessories,4.25,online
3211,set of 72 retrospot paper  doilies,"Health, Beauty & Personal Care",1.45,online
2668,plasters in tin skulls,"Health, Beauty & Personal Care",1.65,online
3358,sleeping cat erasers,Apparel and Accessories,0.21,online
621,card birthday cowboy,Stationery and Craft,0.42,online
2316,pack 3 boxes christmas pannetone,Seasonal,1.95,online
2979,rotating silver angels t-light hldr,"Health, Beauty & Personal Care",2.55,online
2930,ribbon reel making snowmen,Party and Festive,1.65,online
76,4 traditional spinning tops,Apparel and Accessories,1.25,online
250,bag 500g swirly marbles,Toys and Games,1.65,online
84,5 strand glass necklace crystal,Kitchen and Dining,6.35,online
3469,squarecushion cover pink union flag,Party and Festive,6.75,online
3444,spaceboy childrens egg cup,Toys and Games,1.25,online
710,children's spaceboy mug,Toys and Games,1.65,online
1234,feltcraft cushion owl,Stationery and Craft,3.75,online
342,black candelabra t-light holder,Home Decor,2.1,online
3596,toy tidy dolly girl design,Toys and Games,2.1,online
3058,set 12 lavender  botanical t-lights,Home Decor,2.95,online
3669,union jack flag luggage tag,Party and Festive,1.25,online
2808,red heart luggage tag,Apparel and Accessories,1.25,online
2806,red glass tassle bag charm,Kitchen and Dining,2.95,online
825,clear acrylic faceted bangle,Apparel and Accessories,2.95,online
1065,doormat union jack guns and roses,Home Decor,7.95,online
3678,vanilla scent candle jewelled box,"Health, Beauty & Personal Care",4.25,online
1401,full english breakfast plate,Kitchen and Dining,3.75,online
2039,magic drawing slate circus parade,Toys and Games,0.42,online
761,christmas hanging heart with bell,Seasonal,1.25,online
585,cake stand victorian filigree med,Kitchen and Dining,6.75,online
2387,paisley pattern  stickers,Party and Festive,0.85,online
1302,flowers  stickers,Party and Festive,0.85,online
367,black love bird candle,Home Decor,1.25,online
2459,party time pencil erasers,Party and Festive,0.21,online
2521,pink b'fly c/cover w bobbles,Apparel and Accessories,5.95,online
2643,pink union jack  luggage tag,Apparel and Accessories,1.25,online
92,6 ribbons elegant christmas,Seasonal,1.65,online
127,aged glass silver t-light holder,Kitchen and Dining,0.65,online
511,boom box speaker girls,Home Decor,5.95,online
95,6 ribbons shimmering pinks,Party and Festive,1.65,online
1823,jumbo bag owls,Apparel and Accessories,1.95,online
2309,owl doorstop,Apparel and Accessories,4.95,online
2378,painted metal star with holly bells,Home Decor,1.45,online
2376,painted metal heart with holly bell,Home Decor,1.45,online
158,angel decoration stars on dress,Party and Festive,0.42,online
1832,jumbo bag strawberry,Apparel and Accessories,1.95,online
3501,strawberry shopper bag,Apparel and Accessories,1.25,online
2988,round snack boxes set of 4 fruits,Kitchen and Dining,2.95,online
2989,round snack boxes set of 4 skulls,Kitchen and Dining,2.95,online
1029,dolly girl lunch box,Toys and Games,1.95,online
1560,green polkadot plate,Kitchen and Dining,1.69,online
472,blue polkadot plate,Kitchen and Dining,1.69,online
2841,red retrospot plate,Kitchen and Dining,1.69,online
2514,pink  polkadot plate,Kitchen and Dining,1.69,online
1238,feltcraft doll molly,Toys and Games,2.95,online
1232,feltcraft christmas fairy,Seasonal,4.25,online
3130,set of 3 notebooks in parcel,Stationery and Craft,1.65,online
2850,red retrospot tape,Kitchen and Dining,0.65,online
870,cosy slipper shoes small  red,Apparel and Accessories,2.95,online
94,6 ribbons rustic charm,Party and Festive,1.65,online
3,12 daisy pegs in wood box,Home Decor,1.65,online
80,5 hook hanger red magic toadstool,Garden and Outdoor,1.65,online
754,christmas craft tree top angel,Seasonal,2.1,online
753,christmas craft little friends,Seasonal,2.1,online
871,cosy slipper shoes small green,Apparel and Accessories,2.95,online
1239,feltcraft doll rosie,Toys and Games,2.95,online
1236,feltcraft doll emily,Toys and Games,2.95,online
1248,feltcraft princess olivia doll,Toys and Games,3.75,online
2924,rex cash+carry jumbo shopper,Apparel and Accessories,0.95,online
1235,feltcraft cushion rabbit,Stationery and Craft,3.75,online
1233,feltcraft cushion butterfly,Stationery and Craft,3.75,online
3594,tote bag i love london,Apparel and Accessories,2.1,online
1320,folding umbrella pinkwhite polkadot,Apparel and Accessories,4.95,online
1319,folding umbrella cream polkadot,"Health, Beauty & Personal Care",4.95,online
1322,folding umbrella white/red polkadot,Apparel and Accessories,4.95,online
3048,set 10 lights night owl,Home Decor,6.75,online
1321,folding umbrella red/white polkadot,Apparel and Accessories,4.95,online
3019,s/4 valentine decoupage heart box,Seasonal,2.95,online
3430,soldiers egg cup,Toys and Games,1.25,online
2835,red retrospot mini cases,Kitchen and Dining,7.95,online
98,60 cake cases vintage christmas,Seasonal,0.55,online
2926,ribbon reel christmas sock bauble,Seasonal,1.65,online
2932,ribbon reel snowy village,Party and Festive,1.65,online
3117,set of 20 vintage christmas napkins,Seasonal,0.85,online
3652,turquoise christmas tree,Seasonal,1.25,online
2864,red star card holder,Stationery and Craft,2.95,online
3894,wicker wreath small,Home Decor,1.45,online
125,advent calendar gingham sack,Seasonal,5.95,online
1231,feltcraft butterfly hearts,Stationery and Craft,1.45,online
2441,party cone christmas decoration,Seasonal,0.85,online
3892,wicker star,Home Decor,2.1,online
3762,vintage snap cards,Toys and Games,0.85,online
1229,feltcraft 6 flower friends,Stationery and Craft,2.1,online
319,bird decoration red retrospot,Party and Festive,0.85,online
760,christmas gingham tree,Seasonal,0.85,online
759,christmas gingham star,Seasonal,0.85,online
758,christmas gingham heart,Seasonal,0.85,online
2332,pack of 12 pink polkadot tissues,"Health, Beauty & Personal Care",0.29,online
1247,feltcraft princess lola doll,Toys and Games,3.75,online
2329,pack of 12 london tissues,"Health, Beauty & Personal Care",0.29,online
2739,purple drawerknob acrylic edwardian,Home Decor,1.25,online
708,children's apron dolly girl,Toys and Games,2.1,online
712,childrens apron spaceboy design,Toys and Games,1.95,online
766,christmas lights 10 santas,Seasonal,8.5,online
2360,pack of 60 mushroom cake cases,Kitchen and Dining,0.55,online
97,60 cake cases dolly girl design,Toys and Games,0.55,online
1602,hand warmer babushka design,"Health, Beauty & Personal Care",2.1,online
3059,set 12 retro white chalk sticks,Stationery and Craft,0.42,online
1244,feltcraft hairband red and blue,Apparel and Accessories,0.85,online
1243,feltcraft hairband pink and purple,Apparel and Accessories,0.85,online
1245,feltcraft hairbands pink and white,Apparel and Accessories,0.85,online
3662,tv dinner tray dolly girl,Toys and Games,4.95,online
2671,plasters in tin vintage paisley,"Health, Beauty & Personal Care",1.65,online
2669,plasters in tin spaceboy,Toys and Games,1.65,online
2672,plasters in tin woodland animals,"Health, Beauty & Personal Care",1.65,online
2045,magic drawing slate spaceboy,Toys and Games,0.42,online
2042,magic drawing slate go to the fair,Toys and Games,0.42,online
2041,magic drawing slate dolly girl,Toys and Games,0.42,online
677,charlie + lola red hot water bottle,"Health, Beauty & Personal Care",2.95,online
3674,urban black ribbons,Party and Festive,1.25,online
3202,set of 6 t-lights toadstools,Garden and Outdoor,2.95,online
2978,rotating leaves t-light holder,Home Decor,1.25,online
918,cupcake lace paper set 6,Kitchen and Dining,1.95,online
3605,traditional wooden catch cup game,Toys and Games,1.25,online
3021,s/6 wooden skittles in cotton bag,Toys and Games,2.95,online
2814,red metal beach spade,Garden and Outdoor,1.25,online
534,boys vintage tin seaside bucket,Stationery and Craft,2.55,online
1451,girls vintage tin seaside bucket,Stationery and Craft,2.55,online
1579,grey heart hot water bottle,"Health, Beauty & Personal Care",3.75,online
1863,kings choice tea caddy,Kitchen and Dining,2.95,online
1860,kings choice biscuit tin,Kitchen and Dining,4.25,online
2091,metal sign empire tea,Kitchen and Dining,2.95,online
1214,fawn blue hot water bottle,"Health, Beauty & Personal Care",2.95,online
2348,pack of 6 birdy gift tags,Stationery and Craft,1.25,online
668,ceramic strawberry money box,Home Decor,2.55,online
662,ceramic heart fairy cake money bank,Kitchen and Dining,1.45,online
664,ceramic pirate chest money bank,Home Decor,1.45,online
1073,doorstop retrospot heart,Kitchen and Dining,3.75,online
2907,retrospot babushka doorstop,Kitchen and Dining,3.75,online
3532,sweetheart wire wall tidy,Home Decor,9.95,online
2837,red retrospot oven glove,Kitchen and Dining,1.06,online
2215,namaste swagat incense,"Health, Beauty & Personal Care",0.24,online
667,ceramic strawberry design mug,Kitchen and Dining,1.25,online
822,classical rose small vase,Home Decor,1.25,online
1733,hyacinth bulb t-light candles,Garden and Outdoor,0.42,online
755,christmas craft white fairy,Seasonal,1.45,online
867,cosy hour cigar box matches,Home Decor,1.25,online
2866,red tea towel classic design,"Health, Beauty & Personal Care",1.25,online
1658,heart filigree dove  small,Home Decor,1.25,online
2911,retrospot childrens apron,Toys and Games,1.95,online
849,colouring pencils brown tube,Apparel and Accessories,0.85,online
67,4 ivory dinner candles silver flock,Home Decor,2.55,online
4021,zinc metal heart decoration,Party and Festive,1.25,online
1540,green fern notebook,Stationery and Craft,1.65,online
456,blue paisley notebook,Stationery and Craft,1.65,online
790,chrysanthemum notebook,Stationery and Craft,1.65,online
1903,large chinese style scissor,Stationery and Craft,0.85,online
3365,small chinese style scissor,Stationery and Craft,0.42,online
1620,hanging glass etched tealight,Kitchen and Dining,1.65,online
859,cooking set retrospot,Kitchen and Dining,9.95,online
1861,kings choice giant tube matches,Home Decor,2.55,online
2665,place setting white star,Home Decor,0.42,online
3008,s/15 silver glass baubles in bag,Kitchen and Dining,1.25,online
1377,french wc sign blue metal,Home Decor,1.25,online
1203,fairy soap soap holder,"Health, Beauty & Personal Care",1.69,online
1544,green giant garden thermometer,Garden and Outdoor,5.95,online
431,blue giant garden thermometer,Garden and Outdoor,5.95,online
3685,victorian sewing box small,Stationery and Craft,5.95,online
3684,victorian sewing box medium,Stationery and Craft,7.95,online
3222,set/10 red polkadot party candles,Party and Festive,1.25,online
3814,washroom metal sign,"Health, Beauty & Personal Care",1.45,online
380,black sweetheart bracelet,Apparel and Accessories,4.25,online
984,diamante hair grip pack/2 black dia,Apparel and Accessories,1.65,online
350,black diamante expandable ring,Kitchen and Dining,4.25,online
989,diamante hair grip pack/2 ruby,Apparel and Accessories,1.65,online
987,diamante hair grip pack/2 montana,Apparel and Accessories,1.65,online
493,blue sweetheart bracelet,Apparel and Accessories,4.25,online
2641,pink sweetheart bracelet,Apparel and Accessories,4.25,online
2752,purple sweetheart bracelet,Apparel and Accessories,4.25,online
2925,ribbon reel christmas present,Seasonal,1.65,online
1265,first aid tin,"Health, Beauty & Personal Care",3.25,online
2057,make your own monsoon card kit,Toys and Games,2.95,online
2328,pack of 12 hearts design tissues,"Health, Beauty & Personal Care",0.29,online
1659,heart filigree dove large,Home Decor,1.65,online
3534,swirly circular rubbers in bag,Apparel and Accessories,0.42,online
3746,vintage paisley stationery set,Stationery and Craft,2.95,online
3219,set/10 blue polkadot party candles,Party and Festive,1.25,online
2933,ribbon reel socks and mittens,Party and Festive,1.65,online
769,christmas metal tags assorted,Seasonal,0.85,online
788,christmas tree t-light holder,Seasonal,1.45,online
3474,star  t-light holder,Home Decor,1.45,online
1671,heart t-light holder,Home Decor,1.45,online
2115,mini funky design tapes,Stationery and Craft,0.85,online
3479,star wooden christmas decoration,Seasonal,0.85,online
3915,wooden heart christmas scandinavian,Seasonal,0.85,online
777,christmas retrospot tree wood,Seasonal,0.85,online
3274,set/9 christmas t-lights scented,Seasonal,1.25,online
481,blue rose fabric mirror,Home Decor,1.25,online
3575,three canvas luggage tags,Apparel and Accessories,1.95,online
2918,retrospot party bag + sticker set,Party and Festive,1.65,online
2920,retrospot small tube matches,Kitchen and Dining,1.65,online
58,3d christmas stamps stickers,Seasonal,1.25,online
52,36 foil heart cake cases,"Health, Beauty & Personal Care",2.1,online
2358,pack of 6 sweetie gift boxes,Apparel and Accessories,2.55,online
795,cinammon set of 9 t-lights,Home Decor,0.85,online
2287,orange scented set/9 t-lights,"Health, Beauty & Personal Care",0.85,online
2934,ribbon reel stripes design,Party and Festive,1.65,online
3112,set of 2 tins jardin de provence,Kitchen and Dining,4.95,online
2058,make your own playtime card kit,Toys and Games,2.95,online
1001,dinosaurs  writing set,Toys and Games,1.65,online
3356,skulls writing set,Stationery and Craft,1.65,online
1046,doormat black flock,Home Decor,7.95,online
756,christmas decoupage candle,Seasonal,0.85,online
2278,office mug warmer polkadot,Kitchen and Dining,2.95,online
374,black record cover frame,Stationery and Craft,3.39,online
2775,"record frame 7"" single size",Stationery and Craft,2.1,online
55,36 pencils tube red retrospot,Kitchen and Dining,1.25,online
57,36 pencils tube woodland,Stationery and Craft,1.25,online
2948,rocking horse red christmas,Seasonal,0.72,online
2876,regency cakestand 3 tier,Kitchen and Dining,10.95,online
3764,vintage union jack bunting,Party and Festive,8.5,online
2897,retro longboard ironing board cover,Home Decor,3.75,online
59,3d dog picture playing cards,Toys and Games,2.95,online
3030,save the planet cotton tote bag,Apparel and Accessories,2.25,online
2407,paper bunting white lace,Party and Festive,2.95,online
1429,gentleman shirt repair kit,Toys and Games,0.85,online
631,card i love london,Stationery and Craft,0.42,online
2153,mirrored wall art foxy,Home Decor,6.35,online
2154,mirrored wall art gents,Home Decor,2.55,online
130,airline bag vintage jet set white,Apparel and Accessories,4.25,online
2721,potting shed sow 'n' grow set,Kitchen and Dining,4.25,online
132,airline bag vintage world champion,Apparel and Accessories,4.25,online
2589,pink hearts paper garland,Party and Festive,1.65,online
2720,potting shed seed envelopes,Kitchen and Dining,1.25,online
1697,hi tec alpine hand warmer,"Health, Beauty & Personal Care",1.65,online
2691,polyester filler pad 45x45cm,Home Decor,1.55,online
626,card dolly girl,Toys and Games,0.42,online
620,card billboard font,Stationery and Craft,0.42,online
2766,rainy ladies birthday card,Stationery and Craft,0.42,online
2870,red white scarf  hot water bottle,"Health, Beauty & Personal Care",3.95,online
3110,set of 2 tea towels apple and pears,"Health, Beauty & Personal Care",2.95,online
1889,lantern cream gazebo,"Health, Beauty & Personal Care",4.95,online
401,blue birdhouse decoration,Party and Festive,0.85,online
186,antique silver tea glass engraved,Kitchen and Dining,1.06,online
3115,set of 2 wooden market crates,Home Decor,12.75,online
815,classic french style basket natural,Home Decor,6.75,online
879,crazy daisy heart decoration,Party and Festive,1.25,online
628,card holder gingham heart,Stationery and Craft,2.55,online
3405,small stripes chocolate gift bag,Apparel and Accessories,0.85,online
3624,"tray, breakfast in bed",Kitchen and Dining,12.75,online
2663,pizza plate in box,Kitchen and Dining,3.75,online
2583,pink heart dots hot water bottle,"Health, Beauty & Personal Care",3.75,online
2664,place setting white heart,Home Decor,0.42,online
3168,set of 4 napkin charms leaves,Kitchen and Dining,2.55,online
3169,set of 4 napkin charms stars,Kitchen and Dining,2.55,online
3165,set of 4 napkin charms cutlery,Kitchen and Dining,2.55,online
619,caravan square tissue box,Stationery and Craft,1.25,online
571,button box,Home Decor,1.95,online
7,12 message cards with envelopes,Toys and Games,1.65,online
3395,small red babushka notebook,Stationery and Craft,0.85,online
1692,herb marker mint,Garden and Outdoor,0.65,online
1694,herb marker rosemary,Garden and Outdoor,0.65,online
1690,herb marker basil,Garden and Outdoor,0.65,online
1691,herb marker chives,Garden and Outdoor,0.65,online
1693,herb marker parsley,Garden and Outdoor,0.65,online
1695,herb marker thyme,Garden and Outdoor,0.65,online
2087,metal merry christmas wreath,Seasonal,1.95,online
3839,white christmas garland stars trees,Seasonal,3.75,online
2913,retrospot giant tube matches,Kitchen and Dining,2.55,online
53,36 foil star cake cases,"Health, Beauty & Personal Care",2.1,online
2350,pack of 6 handbag gift boxes,Apparel and Accessories,2.55,online
1425,garland wooden happy easter,Seasonal,1.25,online
593,calendar paper cut design,Stationery and Craft,2.95,online
592,calendar in season design,Stationery and Craft,2.95,online
459,blue paisley tissue box,Stationery and Craft,1.25,online
2612,pink paisley square tissue box,Apparel and Accessories,1.25,online
3585,toast its - happy birthday,Kitchen and Dining,1.25,online
3220,set/10 ivory polkadot party candles,Party and Festive,1.25,online
3354,skulls storage box small,Home Decor,2.1,online
1840,jumbo storage bag skulls,Apparel and Accessories,1.95,online
1415,garden path journal,Garden and Outdoor,2.55,online
371,black orange squeezer,Kitchen and Dining,0.42,online
3209,set of 72 green paper doilies,"Health, Beauty & Personal Care",1.45,online
2919,retrospot red washing up gloves,"Health, Beauty & Personal Care",2.1,online
3382,small licorice des pink bowl,Kitchen and Dining,1.25,online
3537,"swiss roll towel, chocolate  spots","Health, Beauty & Personal Care",2.95,online
2495,picnic basket wicker large,Garden and Outdoor,9.95,online
892,cream sweetheart egg holder,"Health, Beauty & Personal Care",4.95,online
2517,pink 3 piece polkadot cutlery set,Kitchen and Dining,3.75,online
2614,pink party bags,Party and Festive,2.1,online
461,blue party bags,Party and Festive,2.1,online
2542,pink cream felt craft trinket box,"Health, Beauty & Personal Care",1.25,online
2838,red retrospot oven glove double,Kitchen and Dining,2.95,online
2940,ridged glass storage jar cream lid,"Health, Beauty & Personal Care",3.75,online
2344,pack of 20 napkins pantry design,Kitchen and Dining,0.85,online
3524,sweetheart cakestand 3 tier,Kitchen and Dining,9.95,online
763,christmas hanging star with bell,Seasonal,1.25,online
2199,multicolour  confetti in tube,Party and Festive,1.65,online
743,chocolate 3 wick morris box candle,Home Decor,4.25,online
3100,set of 16 vintage pistachio cutlery,Kitchen and Dining,12.75,online
781,christmas toilet roll,Seasonal,1.25,online
3833,white bell honeycomb paper,"Health, Beauty & Personal Care",1.65,online
73,4 purple flock dinner candles,Home Decor,2.55,online
2515,pink & white breakfast tray,Kitchen and Dining,5.95,online
1189,english rose spirit level,DIY and Tools,1.95,online
1920,large round wicker platter,Home Decor,5.95,online
381,black tea towel classic design,"Health, Beauty & Personal Care",1.25,online
767,christmas lights 10 vintage baubles,Seasonal,4.95,online
2977,roses regency teacup and saucer,Kitchen and Dining,2.95,online
3541,t-light holder hanging lace,Home Decor,1.25,online
1624,hanging heart mirror decoration,Party and Festive,0.65,online
890,cream slice flannel chocolate spot,"Health, Beauty & Personal Care",2.95,online
891,cream slice flannel pink spot,"Health, Beauty & Personal Care",2.95,online
1562,green regency teacup and saucer,Kitchen and Dining,2.95,online
1138,eight piece dinosaur set,Toys and Games,1.25,online
1651,heads and tails sporting fun,Home Decor,1.25,online
200,ass col small sand gecko p'weight,Kitchen and Dining,0.42,online
1173,enamel measuring jug cream,"Health, Beauty & Personal Care",4.25,online
10,12 pencils small tube skull,Stationery and Craft,0.65,online
8,12 pencil small tube woodland,Stationery and Craft,0.65,online
460,blue paper parasol,Garden and Outdoor,2.95,online
3681,victorian  metal postcard spring,Apparel and Accessories,1.69,online
2083,metal 4 hook hanger french chateau,Kitchen and Dining,2.95,online
366,black kitchen scales,Toys and Games,8.5,online
2811,red kitchen scales,Toys and Games,8.5,online
1765,ivory kitchen scales,Toys and Games,8.5,online
2197,multi colour silver t-light holder,Home Decor,0.85,online
35,3 hook hanger magic garden,Garden and Outdoor,1.95,online
210,assorted colour lizard suction hook,Home Decor,0.42,online
1838,jumbo bag woodland animals,Apparel and Accessories,1.95,online
709,children's circus parade mug,Toys and Games,1.65,online
2317,pack 3 fire engine/car patches,Stationery and Craft,1.25,online
634,card psychedelic apples,Stationery and Craft,0.42,online
1759,ivory enchanted forest placemat,Kitchen and Dining,1.65,online
2353,pack of 6 pannetone gift boxes,Kitchen and Dining,2.55,online
2070,measuring tape babushka red,Apparel and Accessories,2.95,online
2800,red enchanted forest placemat,Kitchen and Dining,1.65,online
720,childrens dolly girl mug,Toys and Games,1.65,online
3581,toadstool money box,Garden and Outdoor,2.95,online
2056,make your own flowerpower card kit,Toys and Games,2.95,online
2410,paper chain kit london,Toys and Games,2.95,online
2068,measuring tape babushka blue,Apparel and Accessories,2.95,online
2476,pencil case life is beautiful,Stationery and Craft,2.95,online
3919,wooden rounders garden set,Garden and Outdoor,9.95,online
726,childs breakfast set dolly girl,Toys and Games,9.95,online
727,childs breakfast set spaceboy,Toys and Games,9.95,online
578,cake plate lovebird white,Kitchen and Dining,4.95,online
3909,wooden advent calendar red,Seasonal,16.95,online
1531,green christmas tree card holder,Seasonal,4.25,online
3504,string of stars card holder,Apparel and Accessories,2.95,online
3224,set/12 taper candles,Stationery and Craft,0.85,online
2142,mint kitchen scales,Toys and Games,8.5,online
3887,white wood garden plant ladder,Garden and Outdoor,9.95,online
1481,glass jar english confectionery,Kitchen and Dining,2.95,online
1480,glass jar digestive biscuits,Kitchen and Dining,2.95,online
2106,milk bottle with glass stopper,Kitchen and Dining,6.95,online
3821,welcome  wooden block letters,Home Decor,9.95,online
3249,set/4 modern vintage cotton napkins,Kitchen and Dining,2.95,online
3763,vintage union jack apron,Kitchen and Dining,6.95,online
3516,swallow square tissue box,Stationery and Craft,1.25,online
2242,no junk mail metal sign,Home Decor,1.25,online
3357,slate tile natural hanging,Home Decor,1.65,online
3727,vintage glass coffee caddy,Kitchen and Dining,5.95,online
3302,silver glass t-light set,Kitchen and Dining,2.95,online
2938,ridged glass finger bowl,Kitchen and Dining,1.45,online
1454,glass  beurre dish,Kitchen and Dining,3.95,online
1438,gin & tonic diet greeting card,Stationery and Craft,0.42,online
328,"birthday card, retro spot",Kitchen and Dining,0.42,online
3980,wrap red apples,Stationery and Craft,0.42,online
2856,red retrospot wrap,Kitchen and Dining,0.42,online
3960,wrap christmas screen print,Seasonal,0.42,online
1210,fancy fonts birthday wrap,Apparel and Accessories,0.42,online
820,classic white frame,Home Decor,2.95,online
352,black diner wall clock,Home Decor,8.5,online
1059,doormat peace on earth blue,Home Decor,7.95,online
524,box of 24 cocktail parasols,Kitchen and Dining,0.42,online
1585,grow your own plant in a can,Garden and Outdoor,1.06,online
2667,plasters in tin circus parade,"Health, Beauty & Personal Care",1.65,online
2670,plasters in tin strongman,"Health, Beauty & Personal Care",1.65,online
2120,mini jigsaw dinosaur,Toys and Games,0.42,online
2117,mini jigsaw bake a cake,Toys and Games,0.42,online
2121,mini jigsaw dolly girl,Toys and Games,0.42,online
3920,wooden school colouring set,Apparel and Accessories,1.65,online
2339,pack of 12 traditional crayons,Stationery and Craft,0.42,online
633,card party games,Party and Festive,0.42,online
512,booze & women greeting card,Stationery and Craft,0.42,online
2338,pack of 12 suki tissues,Toys and Games,0.29,online
2343,pack of 12 woodland tissues,"Health, Beauty & Personal Care",0.29,online
2335,pack of 12 skull tissues,"Health, Beauty & Personal Care",0.29,online
2322,pack of 12 blue paisley tissues,"Health, Beauty & Personal Care",0.29,online
2324,pack of 12 circus parade tissues,"Health, Beauty & Personal Care",0.29,online
2336,pack of 12 spaceboy tissues,Toys and Games,0.29,online
1881,lads only tissue box,Stationery and Craft,1.25,online
2852,red retrospot tissue box,Kitchen and Dining,1.25,online
2331,pack of 12 pink paisley tissues,"Health, Beauty & Personal Care",0.29,online
1442,gingerbread man cookie cutter,Kitchen and Dining,1.25,online
1441,gin and tonic mug,Kitchen and Dining,1.25,online
1749,if you can't stand the heat mug,Kitchen and Dining,1.25,online
1735,i can only please one person mug,Kitchen and Dining,1.25,online
2586,pink heart shape egg frying pan,Kitchen and Dining,1.25,online
29,200 red + white bendy straws,Party and Festive,1.25,online
2773,recipe box retrospot,Kitchen and Dining,2.95,online
2772,recipe box pantry yellow design,Kitchen and Dining,2.95,online
2771,recipe box blue sketchbook design,Stationery and Craft,2.95,online
27,20 dolly pegs retrospot,Toys and Games,1.25,online
2243,no singing metal sign,Home Decor,2.1,online
334,biscuit tin vintage red,Kitchen and Dining,6.75,online
1157,emergency first aid tin,"Health, Beauty & Personal Care",1.25,online
2686,polkadot pen,Stationery and Craft,0.85,online
968,decorative plant pot with frieze,Kitchen and Dining,7.95,online
1350,french blue metal door sign 5,Home Decor,1.25,online
704,chest of drawers gingham heart,Home Decor,16.95,online
2830,red retrospot cake stand,Kitchen and Dining,10.95,online
1815,joy wooden block letters,Home Decor,4.95,online
2245,noel wooden block letters,Seasonal,5.95,online
2466,peace wooden block letters,Home Decor,6.95,online
2275,office mug warmer black+silver,Kitchen and Dining,2.95,online
3107,set of 2 christmas decoupage candle,Seasonal,1.25,online
866,cosmetic bag vintage rose paisley,"Health, Beauty & Personal Care",2.1,online
2627,pink rose fabric mirror,Apparel and Accessories,1.25,online
3318,silver plate candle bowl small,Kitchen and Dining,2.95,online
3398,small regal  silver candlepot,Kitchen and Dining,2.95,online
188,antique tall swirlglass trinket pot,Kitchen and Dining,3.75,online
176,antique glass pedestal bowl,Kitchen and Dining,3.75,online
1587,gumball magazine rack,Home Decor,7.65,online
2803,red flower crochet food cover,Kitchen and Dining,3.75,online
699,cherry crochet food cover,Kitchen and Dining,3.75,online
3500,strawberry raffia food cover,Kitchen and Dining,3.75,online
2683,polka dot raffia food cover,Kitchen and Dining,3.75,online
1062,doormat spotty home sweet home,Kitchen and Dining,7.95,online
3540,t-light glass fluted antique,Kitchen and Dining,1.25,online
3286,silver  candlepot jardin,Kitchen and Dining,3.75,online
2685,polkadot mug pink,Kitchen and Dining,1.65,online
2402,paper bunting coloured lace,Party and Festive,2.95,online
175,antique glass heart decoration,Party and Festive,1.95,online
3188,set of 6 kashmir folkart baubles,Home Decor,4.25,online
774,christmas retrospot angel wood,Seasonal,0.85,online
776,christmas retrospot star wood,Seasonal,0.85,online
1675,heart wooden christmas decoration,Seasonal,0.85,online
1907,large hanging ivory & red wood bird,Home Decor,0.65,online
3376,small hanging ivory/red wood bird,Home Decor,0.42,online
1523,grand chocolatecandle,Home Decor,1.45,online
1196,fairy cake birthday candle set,Kitchen and Dining,3.75,online
36,3 hook photo shelf antique white,Home Decor,8.5,online
895,cream sweetheart wall cabinet,"Health, Beauty & Personal Care",18.95,online
1048,doormat english rose,Home Decor,7.95,online
1064,doormat union flag,Party and Festive,7.95,online
2958,romantic images notebook set,Stationery and Craft,4.25,online
924,curious  images notebook set,Stationery and Craft,4.25,online
3733,vintage keepsake box paris days,Stationery and Craft,6.35,online
2804,red gingham rose jewellery box,Apparel and Accessories,1.65,online
407,blue charlie+lola personal doorsign,Home Decor,2.95,online
685,"charlie+lola""extremely busy"" sign",Home Decor,2.55,online
690,charlotte bag suki design,Toys and Games,0.85,online
1994,lolita  design  cotton tote bag,Apparel and Accessories,2.25,online
1946,lets go shopping cotton tote bag,Apparel and Accessories,2.25,online
2371,paint your own canvas set,Stationery and Craft,1.65,online
596,camouflage led torch,Party and Festive,1.69,online
420,blue dragonfly helicopter,Toys and Games,7.95,online
4000,yellow shark helicopter,Toys and Games,7.95,online
2859,red shark helicopter,Toys and Games,7.95,online
3591,tool box soft toy,Toys and Games,8.95,online
1007,doctor's bag soft toy,Toys and Games,8.95,online
643,carriage,Administrative,50.0,online
1830,jumbo bag scandinavian paisley,Apparel and Accessories,1.95,online
1833,jumbo bag toys,Toys and Games,1.95,online
2375,painted lightbulb star+ moon,Garden and Outdoor,0.42,online
495,blue tea towel classic design,"Health, Beauty & Personal Care",1.25,online
3056,set 12 kids  white chalk sticks,Toys and Games,0.42,online
771,christmas musical zinc star,Seasonal,0.85,online
770,christmas musical zinc heart,Seasonal,0.85,online
1078,dove decoration painted zinc,Party and Festive,0.65,online
3673,union stripe with fringe  hammock,Garden and Outdoor,7.95,online
1331,folkart zinc heart christmas dec,Seasonal,0.85,online
3348,skulls and crossbones wrap,Stationery and Craft,0.42,online
2690,polyester filler pad 45x30cm,Home Decor,1.45,online
2689,polyester filler pad 40x40cm,Home Decor,1.45,online
2568,pink flower fabric pony,Apparel and Accessories,3.75,online
329,birthday party cordon barrier tape,Party and Festive,1.25,online
594,camouflage design teddy,Party and Festive,2.55,online
3661,tv dinner tray air hostess,Kitchen and Dining,4.95,online
3510,suki  shoulder bag,Toys and Games,1.65,online
488,blue spot ceramic drawer knob,Kitchen and Dining,1.25,online
927,cushion cover pink union jack,Apparel and Accessories,5.95,online
893,cream sweetheart letter rack,"Health, Beauty & Personal Care",5.45,online
1339,four hook  white lovebirds,Home Decor,2.1,online
1348,french blue metal door sign 3,Home Decor,1.25,online
1355,french blue metal door sign no,Home Decor,1.25,online
3118,set of 3 babushka stacking tins,Toys and Games,4.95,online
287,beach hut key cabinet,Home Decor,3.75,online
3394,small purple babushka notebook,Stationery and Craft,0.85,online
696,cherry blossom passport cover,Apparel and Accessories,2.1,online
3410,small yellow babushka notebook,Stationery and Craft,0.85,online
2898,retro mod tray,Kitchen and Dining,0.85,online
3531,sweetheart wire magazine rack,Home Decor,7.95,online
639,cardholder holly wreath metal,Stationery and Craft,3.75,online
3295,silver christmas tree bauble stand,Seasonal,16.95,online
3528,sweetheart recipe book stand,Stationery and Craft,6.75,online
2308,overnight bag vintage rose paisley,Apparel and Accessories,4.95,online
170,ant white wire heart spiral,Home Decor,3.95,online
1215,"feather pen,coal black",Stationery and Craft,0.85,online
1217,"feather pen,light pink",Apparel and Accessories,0.85,online
1216,"feather pen,hot pink",Apparel and Accessories,0.85,online
1045,doormat airmail,Home Decor,6.75,online
2255,number tile cottage garden 8,Garden and Outdoor,1.95,online
1044,doormat 3 smiley cats,Home Decor,6.75,online
536,bread bin diner style ivory,Kitchen and Dining,14.95,online
539,bread bin diner style red,Kitchen and Dining,14.95,online
2053,magnets pack of 4 vintage collage,Stationery and Craft,1.25,online
2050,magnets pack of 4 home sweet home,Garden and Outdoor,1.25,online
2049,magnets pack of 4 childhood memory,Toys and Games,1.25,online
196,"art lights,funk monkey",Home Decor,2.95,online
2114,mini cake stand with hanging cakes,Kitchen and Dining,1.45,online
660,ceramic cake stand + hanging cakes,Kitchen and Dining,9.95,online
3526,sweetheart ceramic trinket box,Home Decor,1.25,online
3153,set of 4 fairy cake placemats,Kitchen and Dining,3.75,online
2277,office mug warmer pink,Kitchen and Dining,2.95,online
2276,office mug warmer choc+blue,Kitchen and Dining,2.95,online
2678,please one person metal sign,Home Decor,2.1,online
1490,glitter christmas heart,Seasonal,0.85,online
799,circus parade childrens egg cup,Toys and Games,1.25,online
2865,red stripe ceramic drawer knob,Home Decor,1.25,online
2270,"nursery a,b,c painted letters",Stationery and Craft,6.75,online
3109,set of 2 round tins dutch cheese,Home Decor,2.95,online
1543,green geisha girl,Home Decor,3.75,online
430,blue geisha girl,Home Decor,3.75,online
2236,newspaper stand,Stationery and Craft,14.95,online
794,cinammon & orange wreath,Home Decor,6.75,online
1925,large white honeycomb paper bell,"Health, Beauty & Personal Care",2.1,online
3907,wood stocking christmas scandispot,Seasonal,0.85,online
3166,set of 4 napkin charms hearts,Kitchen and Dining,2.55,online
3923,wooden tree christmas scandinavian,Seasonal,0.85,online
2947,rocking horse green christmas,Seasonal,0.85,online
764,christmas hanging tree with bell,Seasonal,1.25,online
1813,jingle bells tree decoration,Party and Festive,2.1,online
3163,set of 4 napkin charms 3 keys,Kitchen and Dining,2.55,online
3167,set of 4 napkin charms instrument,Kitchen and Dining,2.55,online
3164,set of 4 napkin charms crowns,Kitchen and Dining,2.55,online
3517,swallow wooden christmas decoration,Seasonal,0.85,online
1492,glitter christmas tree,Seasonal,0.85,online
1424,garland with stars and bells,Party and Festive,4.95,online
757,"christmas garland stars,trees",Seasonal,3.75,online
3535,swiss chalet tree decoration,Party and Festive,0.85,online
317,bird box christmas tree decoration,Seasonal,0.85,online
3908,wooden advent calendar cream,Seasonal,16.95,online
2061,manual,Administrative,1.25,online
632,card motorbike santa,Seasonal,0.42,online
623,card christmas village,Seasonal,0.42,online
1053,doormat i love london,Home Decor,7.95,online
3900,wood and glass medicine cabinet,Kitchen and Dining,29.95,online
2033,ma campagne cutlery box,Kitchen and Dining,14.95,online
4006,yuletide images gift wrap set,Seasonal,2.1,online
3893,wicker wreath large,Home Decor,1.95,online
3548,table lamp white shade wood base,Home Decor,5.95,online
3371,small folkart star christmas dec,Seasonal,0.42,online
3413,smallfolkart bauble christmas dec,Seasonal,0.42,online
3375,small hanging glass+zinc lantern,Kitchen and Dining,1.45,online
3228,set/3 christmas decoupage candles,Seasonal,1.25,online
2658,pink/white christmas tree 60cm,Seasonal,0.65,online
1532,green christmas tree string 20light,Seasonal,4.95,online
1195,eucalyptus & pinecone  wreath,Apparel and Accessories,6.75,online
773,christmas pudding trinket pot,Seasonal,1.45,online
347,black christmas tree 60cm,Seasonal,0.65,online
19,15cm christmas glass ball 20 lights,Seasonal,7.95,online
638,cardholder gingham star,Stationery and Craft,2.55,online
3922,wooden star christmas scandinavian,Seasonal,0.85,online
1257,fine wicker heart,Home Decor,1.25,online
3670,union jack flag passport cover,Party and Festive,1.69,online
1123,edwardian parasol pink,Garden and Outdoor,4.6,online
3014,s/4 cacti candles,Home Decor,4.25,online
2598,pink marshmallow scarf knitting kit,Toys and Games,2.55,online
88,6 chocolate love heart t-lights,Home Decor,1.69,online
2526,pink blue felt craft trinket box,Apparel and Accessories,1.06,online
3582,toast its - best mum,Kitchen and Dining,1.05,online
47,3 traditional cookie cutters  set,Kitchen and Dining,2.1,online
723,childrens spaceboy mug,Toys and Games,1.65,online
2158,mirrored wall art skulls,Home Decor,3.75,online
2161,mirrored wall art stars,Home Decor,2.95,online
683,charlie+lola pink hot water bottle,"Health, Beauty & Personal Care",2.95,online
684,charlie+lola red hot water bottle,"Health, Beauty & Personal Care",4.65,online
874,cowboys and indians birthday card,Stationery and Craft,0.42,online
2942,ring of roses birthday card,Apparel and Accessories,0.42,online
134,alarm clock bakelike chocolate,Home Decor,3.75,online
658,ceramic cake design spotted mug,Kitchen and Dining,1.49,online
1985,lipstick pen fuschia,Stationery and Craft,0.42,online
543,brocade ring purse,Apparel and Accessories,0.21,online
1527,green 3 piece polkadot cutlery set,Kitchen and Dining,3.75,online
2377,painted metal pears assorted,Home Decor,1.69,online
846,colour glass. star t-light holder,Kitchen and Dining,3.25,online
3518,swallows greeting card,Stationery and Craft,0.42,online
1879,ladle love heart pink,Kitchen and Dining,0.42,online
1959,"letter ""m"" bling key ring",Apparel and Accessories,1.25,online
1967,"letter ""v"" bling key ring",Apparel and Accessories,1.25,online
1964,"letter ""s"" bling key ring",Apparel and Accessories,1.25,online
1956,"letter ""j"" bling key ring",Apparel and Accessories,1.25,online
3812,wall tidy retrospot,Kitchen and Dining,2.1,online
316,bingo set,Toys and Games,3.75,online
1859,kids rain mac pink,Toys and Games,0.85,online
2833,red retrospot cup,Kitchen and Dining,0.85,online
3466,square floor cushion vintage red,Stationery and Craft,7.95,online
3238,set/3 vanilla scented candle in box,"Health, Beauty & Personal Care",4.25,online
3113,set of 2 tins vintage bathroom,"Health, Beauty & Personal Care",4.25,online
396,blue  diamante pen in gift box,Stationery and Craft,4.95,online
56,36 pencils tube skulls,Stationery and Craft,1.25,online
1539,green fern journal,Stationery and Craft,2.55,online
2927,ribbon reel flora + fauna,Party and Festive,1.65,online
355,black ear muff headphones,Apparel and Accessories,5.49,online
2820,red polkadot coffee  mug,Kitchen and Dining,2.1,online
1162,empire union jack tv dinner tray,Kitchen and Dining,4.95,online
234,assorted tutti frutti mirror,Home Decor,1.25,online
3174,set of 4 rose botanical candles,Home Decor,3.75,online
1218,felt egg cosy blue rabbit,Kitchen and Dining,0.85,online
2002,love heart sock hanger,Apparel and Accessories,1.65,online
3042,scotties childrens apron,Toys and Games,1.65,online
729,childs garden brush pink,Toys and Games,2.1,online
1882,ladybird + bee raffia food cover,Kitchen and Dining,3.75,online
1716,home sweet home mug,Kitchen and Dining,1.25,online
721,childrens garden gloves blue,Toys and Games,1.25,online
792,chrysanthemum sketchbook,Stationery and Craft,3.75,online
249,bag 250g swirly marbles,Toys and Games,0.85,online
248,bag 125g swirly marbles,Toys and Games,0.42,online
2963,rose 3 wick morris box candle,Home Decor,4.25,online
2976,rose scent candle jewelled drawer,"Health, Beauty & Personal Care",4.25,online
2832,red retrospot childrens umbrella,Toys and Games,3.25,online
3830,white bamboo ribs lampshade,Home Decor,0.85,online
1318,folding umbrella chocolate polkadot,Apparel and Accessories,4.95,online
583,cake stand lovebird 2 tier white,Kitchen and Dining,9.95,online
33,3 gardenia morris boxed candles,Garden and Outdoor,4.25,online
3248,set/4 garden rose dinner candle,Garden and Outdoor,1.65,online
1514,gold print paper bag,Apparel and Accessories,0.19,online
3914,wooden happy birthday garland,Party and Festive,2.95,online
3241,set/4 badges cute creatures,Apparel and Accessories,1.25,online
457,blue paisley pocket book,Stationery and Craft,0.85,online
2707,porcelain rose large,Home Decor,1.25,online
2708,porcelain rose small,Home Decor,0.85,online
266,baking set spaceboy design,Toys and Games,4.25,online
3425,soap dish brocante,"Health, Beauty & Personal Care",2.95,online
1307,fluted antique candle holder,Home Decor,0.85,online
2465,peace small wood letters,Home Decor,6.75,online
2826,red retrospot apron,Kitchen and Dining,5.95,online
3560,tea time kitchen apron,Toys and Games,5.95,online
1237,feltcraft doll maria,Toys and Games,2.95,online
2453,party metal sign,Party and Festive,1.45,online
3716,vintage cream 3 basket cake stand,"Health, Beauty & Personal Care",9.95,online
775,christmas retrospot heart wood,Seasonal,0.85,online
1061,doormat respectable house,Home Decor,7.95,online
2082,memo board retrospot  design,Kitchen and Dining,4.95,online
2661,pink/yellow flowers handbag,Apparel and Accessories,1.25,online
682,charlie+lola my room door sign,Home Decor,2.55,online
3023,salle de bain hook,Home Decor,1.25,online
751,christmas card stack of presents,Seasonal,0.42,online
3057,set 12 kids colour  chalk sticks,Toys and Games,0.42,online
3441,spaceboy birthday card,Toys and Games,0.42,online
2945,robot birthday card,Toys and Games,0.42,online
1814,joy large wood letters,Home Decor,9.95,online
3941,world war 2 gliders asstd designs,Home Decor,0.29,online
711,childrens apron apples design,Toys and Games,1.95,online
1179,enchanted bird coathanger 5 hook,Apparel and Accessories,4.65,online
3584,toast its - fairy flower,Kitchen and Dining,1.25,online
575,cacti t-light candles,Home Decor,0.42,online
1612,hanging bauble t-light holder small,Home Decor,2.1,online
9,12 pencils small tube red retrospot,Kitchen and Dining,0.65,online
269,balloon water bomb pack of 35,Party and Festive,0.42,online
268,balloon pump with 10 balloons,Party and Festive,1.95,online
141,alphabet stencil craft,Stationery and Craft,1.25,online
46,3 traditional biscuit cutters  set,Kitchen and Dining,2.1,online
1769,ivory paper cup cake cases,Kitchen and Dining,0.42,online
2452,party invites woodland,Party and Festive,0.85,online
2447,party invites balloon girl,Party and Festive,0.85,online
2009,lovely bonbon sticker sheet,Stationery and Craft,0.85,online
3520,sweet pudding sticker sheet,Stationery and Craft,0.85,online
239,asstd design 3d paper stickers,Party and Festive,0.85,online
931,cute cats tape,Stationery and Craft,0.65,online
3592,toothpaste tube pen,"Health, Beauty & Personal Care",0.65,online
2044,magic drawing slate purdey,Toys and Games,0.42,online
2325,pack of 12 coloured pencils,Stationery and Craft,0.85,online
3586,toast its - i love you,Kitchen and Dining,1.25,online
271,bank account  greeting  card,Stationery and Craft,0.42,online
1158,empire birthday card,Stationery and Craft,0.42,online
3557,tea party birthday card,Party and Festive,0.42,online
622,card cat and tree,Stationery and Craft,0.42,online
625,card dog and ball,Stationery and Craft,0.42,online
2477,penny farthing birthday card,Stationery and Craft,0.42,online
491,blue stripe ceramic drawer knob,Home Decor,1.25,online
2860,red spot ceramic drawer knob,Kitchen and Dining,1.25,online
3868,white spot blue ceramic drawer knob,Kitchen and Dining,1.25,online
1719,"hook, 1 hanger ,magic garden",Garden and Outdoor,0.85,online
1145,embossed glass tealight holder,Kitchen and Dining,1.25,online
3818,watering can pink bunny,Garden and Outdoor,1.95,online
3817,watering can green dinosaur,Toys and Games,1.95,online
3815,watering can blue elephant,Garden and Outdoor,1.95,online
1308,flying pig watering can,Garden and Outdoor,2.95,online
3703,vintage billboard tea mug,Kitchen and Dining,1.25,online
3702,vintage billboard mug,Kitchen and Dining,1.25,online
1986,lipstick pen red,Stationery and Craft,0.42,online
1346,french blue metal door sign 1,Home Decor,1.25,online
1344,french bathroom sign blue metal,"Health, Beauty & Personal Care",1.65,online
3996,yellow giant garden thermometer,Garden and Outdoor,5.95,online
590,"cakestand, 3 tier, loveheart",Kitchen and Dining,9.95,online
1469,glass bell jar small,Kitchen and Dining,3.95,online
1468,glass bell jar large,Kitchen and Dining,8.5,online
3816,watering can garden marker,Garden and Outdoor,1.25,online
1862,kings choice mug,Kitchen and Dining,1.25,online
1379,fridge magnets la vie en rose,Home Decor,0.85,online
2844,red retrospot round cake tins,Kitchen and Dining,9.95,online
840,coffee mug cat + bird design,Kitchen and Dining,2.55,online
2505,pin cushion babushka pink,Apparel and Accessories,3.35,online
545,brocante shelf with hooks,Home Decor,10.75,online
1559,green polkadot bowl,Kitchen and Dining,1.25,online
2828,red retrospot bowl,Kitchen and Dining,1.25,online
194,area patrolled metal sign,Home Decor,2.1,online
2499,picture frame wood triple portrait,Home Decor,6.75,online
3346,skulls  stickers,Party and Festive,0.85,online
3275,set3 book box green gingham flower,Stationery and Craft,4.25,online
2722,potting shed tea mug,Kitchen and Dining,1.25,online
2984,round cake tin vintage red,Kitchen and Dining,7.95,online
2904,retro plastic elephant tray,Kitchen and Dining,0.85,online
1511,gold mini tape measure,DIY and Tools,0.85,online
2765,rainbow pegs photo clip string,Apparel and Accessories,0.65,online
3570,teatime pen case & pens,Kitchen and Dining,0.85,online
2488,photo frame 3 classic hanging,Home Decor,9.95,online
63,3d traditional christmas stickers,Seasonal,1.25,online
3602,traditional modelling clay,Toys and Games,1.25,online
3044,seaside flying disc,Toys and Games,1.25,online
2475,peg bag apples design,Apparel and Accessories,2.55,online
1578,grey floral feltcraft shoulder bag,Apparel and Accessories,3.75,online
681,charlie lola blue hot water bottle,"Health, Beauty & Personal Care",4.65,online
3235,set/3 red gingham rose storage box,Home Decor,3.75,online
1478,glass heart t-light holder,Kitchen and Dining,0.85,online
3562,tea time party bunting,Party and Festive,4.65,online
3924,wooden union jack bunting,Party and Festive,5.95,online
2404,paper bunting retrospot,Party and Festive,2.95,online
3408,small white retrospot mug in box,Kitchen and Dining,3.75,online
3396,small red retrospot mug in box,Kitchen and Dining,3.75,online
3065,"set 3 retrospot tea,coffee,sugar",Kitchen and Dining,4.95,online
12,12 pencils tall tube red retrospot,Kitchen and Dining,0.85,online
2842,red retrospot pudding bowl,Kitchen and Dining,4.25,online
2853,red retrospot traditional teapot,Kitchen and Dining,7.95,online
933,dairy maid  pudding bowl,Kitchen and Dining,3.75,online
206,assorted cakes fridge magnets,Kitchen and Dining,0.65,online
1333,food container set 3 love heart,Kitchen and Dining,1.95,online
1006,do not touch my stuff door hanger,Home Decor,1.45,online
2184,moody girl door hanger,Home Decor,1.45,online
1846,keep out boys door hanger,Home Decor,1.45,online
2183,moody boy  door hanger,Home Decor,1.45,online
1255,filigris heart with butterfly,Home Decor,1.25,online
1655,heart decoration painted zinc,Party and Festive,0.65,online
960,"decoration hen on nest, hanging",Party and Festive,1.65,online
1683,hen house decoration,Party and Festive,1.65,online
2337,pack of 12 sticky bunnies,Party and Festive,0.65,online
2136,mini wooden happy birthday garland,Party and Festive,1.69,online
2581,pink happy birthday bunting,Party and Festive,5.45,online
437,blue happy birthday bunting,Party and Festive,5.45,online
3903,wood stamp set best wishes,Stationery and Craft,1.65,online
3905,wood stamp set happy birthday,Stationery and Craft,1.65,online
3906,wood stamp set thank you,Stationery and Craft,1.65,online
1453,glamorous  mug,Kitchen and Dining,1.25,online
896,cream wall planter heart shaped,"Health, Beauty & Personal Care",5.95,online
1831,jumbo bag spaceboy design,Toys and Games,1.95,online
2802,red floral feltcraft shoulder bag,Apparel and Accessories,3.75,online
2566,pink floral feltcraft shoulder bag,Apparel and Accessories,3.75,online
129,airline bag vintage jet set red,Apparel and Accessories,4.25,online
128,airline bag vintage jet set brown,Apparel and Accessories,4.25,online
869,cosy slipper shoes large green,Apparel and Accessories,2.95,online
3857,white jewelled heart decoration,Party and Festive,0.85,online
1764,ivory hanging decoration  heart,Party and Festive,0.85,online
3507,stripey chocolate nesting boxes,Home Decor,2.95,online
787,christmas tree star decoration,Seasonal,0.42,online
782,christmas tree decoration with bell,Seasonal,0.42,online
739,chinese dragon paper lanterns,Stationery and Craft,0.42,online
2109,milk pan pink polkadot,Kitchen and Dining,3.75,online
510,boom box speaker boys,Home Decor,5.95,online
2557,pink fairy cake childrens apron,Toys and Games,1.95,online
3389,small pink magic christmas tree,Seasonal,0.85,online
2783,recycled pencil with rabbit eraser,Stationery and Craft,0.21,online
405,blue calculator ruler,Stationery and Craft,1.25,online
2801,red flock love heart photo frame,Home Decor,0.85,online
3037,scented candle in digitalis tin,"Health, Beauty & Personal Care",2.1,online
1583,grow your own flowers set of 3,Garden and Outdoor,7.95,online
2809,red heart shape love bucket,Home Decor,2.95,online
3749,vintage post office cabinet,Stationery and Craft,79.95,online
3179,set of 6 3d kit cards for kids,Toys and Games,0.85,online
829,clear milkshake glass,Kitchen and Dining,2.1,online
2790,red baby bunting,Party and Festive,2.95,online
325,birds mobile vintage design,Stationery and Craft,5.95,online
3925,woodland  height chart stickers,Party and Festive,2.95,online
999,dinosaur lunch box with cutlery,Toys and Games,2.55,online
2863,red spotty biscuit tin,Kitchen and Dining,3.75,online
676,charlie + lola biscuits tins,Home Decor,9.95,online
680,charlie and lola table tins,Home Decor,9.95,online
679,charlie and lola figures tins,Toys and Games,9.95,online
587,cake stand white two tier lace,Kitchen and Dining,8.5,online
464,blue polkadot bowl,Kitchen and Dining,1.25,online
2513,pink  polkadot cup,Kitchen and Dining,0.85,online
3341,skull and crossbones  garland,Party and Festive,1.65,online
2355,pack of 6 skull paper cups,Kitchen and Dining,0.65,online
2356,pack of 6 skull paper plates,Kitchen and Dining,0.85,online
2346,pack of 20 skull paper napkins,Kitchen and Dining,0.85,online
28,200 bendy skull straws,Party and Festive,1.25,online
3351,skulls party bag + sticker set,Party and Festive,1.65,online
3213,set of 9 black skull balloons,Party and Festive,0.85,online
3498,strawberry honeycomb  garland,Party and Festive,1.65,online
2617,pink polkadot bowl,Kitchen and Dining,1.25,online
3203,set of 6 t-lights wedding cake,Kitchen and Dining,2.95,online
2113,mini cake stand t-light holder,Kitchen and Dining,0.42,online
2983,round cake tin vintage green,Kitchen and Dining,7.95,online
382,"black tea,coffee,sugar jars",Kitchen and Dining,6.35,online
3279,shoe shine box,Apparel and Accessories,9.95,online
537,bread bin diner style mint,Kitchen and Dining,16.95,online
3676,vanilla incense 40 cones in tin,"Health, Beauty & Personal Care",1.25,online
1936,lavender incense 40 cones in tin,"Health, Beauty & Personal Care",1.25,online
852,columbian candle round,Home Decor,1.25,online
851,columbian candle rectangle,Home Decor,1.25,online
4011,zinc finish 15cm planter pots,Kitchen and Dining,1.25,online
3404,small square cut glass candlestick,Kitchen and Dining,4.95,online
3283,silk purse babushka blue,Apparel and Accessories,3.35,online
195,army camo bookcover tape,Stationery and Craft,0.42,online
644,carrot charlie+lola coaster set,Kitchen and Dining,2.95,online
2081,memo board cottage design,Stationery and Craft,4.95,online
734,childs garden spade blue,Toys and Games,2.1,online
2000,love heart napkin box,Kitchen and Dining,4.25,online
3350,skulls greeting card,Stationery and Craft,0.42,online
1614,hanging chick  yellow decoration,Party and Festive,1.45,online
3212,set of 72 skull paper  doilies,"Health, Beauty & Personal Care",1.45,online
3143,set of 36 paisley flower doilies,"Health, Beauty & Personal Care",1.45,online
3445,spaceboy gift wrap,Toys and Games,0.42,online
433,blue glass chunky charm bracelet,Kitchen and Dining,8.95,online
387,black+white necklace w tassel,Apparel and Accessories,9.95,online
146,amber chunky glass+bead necklace,Kitchen and Dining,11.95,online
2704,poppy's playhouse livingroom,Toys and Games,2.1,online
1448,gingham rose wrap,Stationery and Craft,0.42,online
11,12 pencils tall tube posy,Stationery and Craft,0.85,online
2,12 coloured party balloons,Party and Festive,0.65,online
2567,pink flower crochet food cover,Kitchen and Dining,3.75,online
1301,flower vine raffia food cover,Kitchen and Dining,3.75,online
1336,food/drink sponge stickers,Party and Festive,0.21,online
2587,pink heart shape photo frame,Apparel and Accessories,1.65,online
1978,lilac diamante pen in gift box,Stationery and Craft,4.95,online
3296,silver diamante pen in gift box,Stationery and Craft,4.95,online
441,blue juicy fruit photo frame,Home Decor,2.55,online
1550,green juicy fruit photo frame,Home Decor,2.55,online
1489,glitter butterfly clips,Home Decor,2.55,online
218,assorted creepy crawlies,Toys and Games,0.42,online
3767,vintage union jack memoboard,Stationery and Craft,9.95,online
276,basket of flowers sewing kit,Toys and Games,0.85,online
187,antique silver tea glass etched,Kitchen and Dining,1.25,online
1206,family album white picture frame,Home Decor,8.5,online
3978,wrap pink fairy cakes,Kitchen and Dining,0.42,online
245,baby boom ribbons,Party and Festive,1.25,online
1177,enamel wash bowl cream,"Health, Beauty & Personal Care",3.75,online
1993,local cafe mug,Kitchen and Dining,2.1,online
981,diamante bow brooch black colour,Apparel and Accessories,6.35,online
982,diamante bow brooch green colour,Apparel and Accessories,6.35,online
983,diamante bow brooch red colour,Apparel and Accessories,6.35,online
1982,lily brooch amethyst colour,Apparel and Accessories,4.95,online
2383,pair of enamel butterfly hairclip,Apparel and Accessories,3.35,online
154,amethyst diamante expandable ring,Kitchen and Dining,4.25,online
2747,purple gemstone bracelet,Apparel and Accessories,8.95,online
361,black gemstone bracelet,Apparel and Accessories,8.95,online
2748,purple gemstone necklace 45cm,Apparel and Accessories,12.75,online
83,5 strand glass necklace black,Kitchen and Dining,6.35,online
1091,drop diamante earrings crystal,Apparel and Accessories,2.95,online
155,amethyst hoop earring floral leaf,Apparel and Accessories,2.95,online
1611,hanging bauble t-light holder large,Home Decor,2.95,online
928,cut glass hexagon t-light holder,Kitchen and Dining,2.55,online
806,clam shell small,Home Decor,2.1,online
805,clam shell large,Home Decor,3.75,online
834,cockle shell dish,Kitchen and Dining,2.1,online
2457,party pizza dish red retrospot,Party and Festive,0.85,online
3450,spaceboy tv dinner tray,Toys and Games,4.95,online
2642,pink tall porcelain t-light holder,Apparel and Accessories,2.55,online
3874,white tall porcelain t-light holder,Home Decor,2.55,online
1028,dolly girl childrens egg cup,Toys and Games,1.25,online
1852,"key fob , garage design",Apparel and Accessories,0.65,online
1414,garden metal sign,Garden and Outdoor,1.65,online
1851,"key fob , front  door",Apparel and Accessories,0.65,online
1850,"key fob , back door",Apparel and Accessories,0.65,online
3180,set of 6 cake chopsticks,Kitchen and Dining,1.25,online
3197,set of 6 strawberry chopsticks,Kitchen and Dining,1.25,online
791,chrysanthemum pocket book,Stationery and Craft,0.85,online
1417,garden path pocket book,Garden and Outdoor,0.85,online
2795,red daisy pocket book,Stationery and Craft,0.85,online
14,12 pencils tall tube woodland,Stationery and Craft,0.85,online
1384,frog sock puppet,Apparel and Accessories,2.95,online
2590,pink horse sock puppet,Apparel and Accessories,2.95,online
386,black wine glass,Kitchen and Dining,1.65,online
821,classical rose candlestand,Home Decor,1.25,online
1412,gaolers keys decorative garden,Garden and Outdoor,3.75,online
343,black champagne glass,Kitchen and Dining,1.65,online
2839,red retrospot peg bag,Kitchen and Dining,2.1,online
1197,fairy cake design umbrella,Kitchen and Dining,3.75,online
313,big doughnut fridge magnets,Home Decor,0.85,online
3988,"wrap, billboard fonts design",Stationery and Craft,0.42,online
1437,gift bag psychedelic apples,Apparel and Accessories,0.65,online
357,black enchanted forest placemat,Kitchen and Dining,1.45,online
3971,wrap green pears,Stationery and Craft,0.42,online
2831,red retrospot charlotte bag,Kitchen and Dining,0.85,online
2409,paper chain kit empire,Toys and Games,2.95,online
689,charlotte bag pink polkadot,Apparel and Accessories,0.85,online
3598,toy tidy spaceboy,Toys and Games,2.1,online
74,4 rose pink dinner candles,Apparel and Accessories,1.25,online
75,4 sky blue dinner candles,Home Decor,1.25,online
3664,two door curio cabinet,Home Decor,12.75,online
2622,pink polkadot wrap,Apparel and Accessories,0.42,online
217,assorted colours silk fan,Apparel and Accessories,0.75,online
3462,spotty pink duck doorstop,Kitchen and Dining,4.25,online
272,bank charges,Administrative,15.0,online
2845,red retrospot shopper bag,Kitchen and Dining,1.25,online
2829,red retrospot butter dish,Kitchen and Dining,4.95,online
1999,love garland painted zinc,Party and Festive,1.65,online
2069,measuring tape babushka pink,Apparel and Accessories,2.55,online
3736,vintage kid dolly card,Toys and Games,0.36,online
1143,"elephant, birthday card,",Stationery and Craft,0.36,online
476,blue polkadot wrap,Stationery and Craft,0.34,online
3928,woodland charlotte bag,Apparel and Accessories,0.72,online
3686,victorian sewing kit,Toys and Games,1.25,online
2144,mirror love bird t-light holder,Home Decor,1.25,online
368,black love bird t-light holder,Home Decor,1.25,online
1628,hanging jam jar t-light holder,Kitchen and Dining,0.72,online
1597,hand open shape gold,Stationery and Craft,3.39,online
1226,felt farm animal white bunny,Toys and Games,0.85,online
2843,red retrospot purse,Kitchen and Dining,2.95,online
3423,snowstorm photo frame fridge magnet,Home Decor,0.85,online
2821,red polkadot pudding bowl,Kitchen and Dining,2.1,online
473,blue polkadot pudding bowl,Kitchen and Dining,2.1,online
3705,vintage blue tinsel reel,Seasonal,0.42,online
1796,jardin etched glass butter dish,Kitchen and Dining,7.25,online
3437,space frog,Toys and Games,1.25,online
3434,space cadet black,Toys and Games,1.25,online
3435,space cadet red,Toys and Games,1.25,online
3438,space owl,Home Decor,1.25,online
3436,space cadet white,Toys and Games,1.25,online
3929,woodland design  cotton tote bag,Apparel and Accessories,2.25,online
1750,illustrated cat bowl,Kitchen and Dining,2.55,online
3583,toast its - dinosaur,Toys and Games,1.25,online
1418,garden path sketchbook,Garden and Outdoor,3.75,online
465,blue polkadot coffee mug,Kitchen and Dining,2.1,online
2181,monsters stencil craft,Toys and Games,1.25,online
802,citronella candle garden pot,Kitchen and Dining,1.25,online
2172,modern floral stationery set,Stationery and Craft,2.95,online
1407,funky washing up gloves assorted,"Health, Beauty & Personal Care",2.1,online
1280,floral folk stationery set,Stationery and Craft,2.95,online
475,blue polkadot washing up gloves,"Health, Beauty & Personal Care",2.1,online
725,childs breakfast set circus parade,Toys and Games,8.5,online
3940,woodland storage box small,Home Decor,2.1,online
3345,skulls  design  cotton tote bag,Apparel and Accessories,2.25,online
1286,flower burst silver ring crystal,Apparel and Accessories,3.75,online
1931,laundry 15c metal sign,Home Decor,1.45,online
1211,fanny's rest stopmetal sign,Apparel and Accessories,2.1,online
748,chocolate this way metal sign,Home Decor,2.1,online
1721,hot baths metal sign,"Health, Beauty & Personal Care",2.1,online
2716,pottering in the shed metal sign,Kitchen and Dining,1.95,online
1853,"key fob , shed",Apparel and Accessories,0.65,online
2001,love heart pocket warmer,Home Decor,1.65,online
514,botanical lavender birthday card,Stationery and Craft,0.42,online
1476,glass cloche large,Kitchen and Dining,7.65,online
865,corona mexican tray,Kitchen and Dining,3.75,online
1858,kids rain mac blue,Toys and Games,0.85,online
2175,money box confectionery design,Home Decor,1.25,online
2179,money box kings choice design,Home Decor,1.25,online
2180,money box pocket money design,Home Decor,1.25,online
215,assorted colour t-light holder,Home Decor,0.55,online
3820,weekend bag vintage rose paisley,Apparel and Accessories,7.65,online
657,ceramic cake bowl + hanging cakes,Kitchen and Dining,2.95,online
749,christmas card screen print,Seasonal,0.42,online
750,christmas card singing angel,Seasonal,0.42,online
2405,paper bunting vintage paisley,Party and Festive,2.95,online
2448,party invites dinosaurs,Party and Festive,0.85,online
1178,enamel watering can cream,"Health, Beauty & Personal Care",4.95,online
1168,enamel colander cream,"Health, Beauty & Personal Care",4.95,online
466,blue polkadot cup,Kitchen and Dining,0.85,online
1400,frying pan union flag,Party and Festive,3.75,online
504,blue/cream stripe cushion cover,"Health, Beauty & Personal Care",1.25,online
3672,union stripe cushion cover,Home Decor,1.25,online
1849,key cabinet ma campagne,Home Decor,9.95,online
894,cream sweetheart mini chest,"Health, Beauty & Personal Care",12.75,online
1000,dinosaur party bag + sticker set,Party and Festive,1.65,online
1786,ivy heart wreath,Home Decor,6.75,online
3753,vintage red kitchen cabinet,Toys and Games,295.0,online
1897,large cake stand hanging hearts,Kitchen and Dining,9.95,online
1896,large cake stand  hanging strawbery,Kitchen and Dining,9.95,online
2849,red retrospot sugar jam bowl,Kitchen and Dining,2.55,online
2846,red retrospot shopping bag,Kitchen and Dining,2.55,online
2855,red retrospot washbag,"Health, Beauty & Personal Care",2.1,online
3561,tea time oven glove,Kitchen and Dining,1.25,online
3497,strawberry fairy cake teapot,Kitchen and Dining,4.95,online
3967,wrap english rose,Stationery and Craft,0.42,online
3948,wrap  pink flock,Apparel and Accessories,0.42,online
3641,tub 24 pink flower pegs,Apparel and Accessories,1.65,online
1250,feng shui pillar candle,Home Decor,0.19,online
974,"decoupage,greeting card,",Stationery and Craft,0.42,online
2246,novelty biscuits cake stand 3 tier,Kitchen and Dining,9.95,online
936,dairy maid toastrack,Kitchen and Dining,2.95,online
937,dairy maid traditional teapot,Kitchen and Dining,6.95,online
1496,glitter heart garland with bells,Party and Festive,3.75,online
1498,glitter star garland with bells,Party and Festive,3.75,online
1660,heart garland rustic padded,Party and Festive,2.95,online
1939,lavender scented fabric heart,"Health, Beauty & Personal Care",1.25,online
471,blue polkadot passport cover,Apparel and Accessories,2.1,online
3256,set/6 bead coasters gauze bag gold,Kitchen and Dining,1.25,online
1584,grow your own herbs set of 3,Garden and Outdoor,7.95,online
2618,pink polkadot childrens umbrella,Toys and Games,3.25,online
3912,wooden croquet garden set,Garden and Outdoor,14.95,online
3476,star decoration rustic,Party and Festive,0.42,online
3840,white christmas star decoration,Seasonal,0.42,online
1656,heart decoration rustic hanging,Party and Festive,0.65,online
2709,porcelain t-light holders assorted,Home Decor,1.25,online
740,choc truffle gold trinket pot,Kitchen and Dining,1.65,online
3813,wash bag vintage rose paisley,"Health, Beauty & Personal Care",2.55,online
573,cabin bag vintage paisley,Apparel and Accessories,29.95,online
574,cabin bag vintage retrospot,Kitchen and Dining,29.95,online
2701,poppy's playhouse bathroom,Toys and Games,2.1,online
3601,traditional knitting nancy,Stationery and Craft,1.45,online
3717,vintage cream cat food container,"Health, Beauty & Personal Care",6.35,online
2190,moroccan tea glass,Kitchen and Dining,0.85,online
1212,faux fur chocolate throw,Home Decor,19.95,online
2929,ribbon reel lace design,Party and Festive,2.1,online
2031,lush greens ribbons,Party and Festive,1.25,online
2354,pack of 6 sandcastle flags assorted,Party and Festive,0.85,online
302,beaded pearl heart white on stick,Home Decor,1.25,online
34,3 hearts hanging decoration rustic,Party and Festive,2.95,online
841,coffee mug dog + ball design,Kitchen and Dining,2.55,online
1679,hearts wrapping tape,Apparel and Accessories,0.65,online
1014,doggy rubber,Stationery and Craft,0.21,online
2048,magic tree -paper flowers,Stationery and Craft,0.85,online
455,blue paisley journal,Stationery and Craft,2.55,online
2224,necklace+bracelet set fruit salad,Apparel and Accessories,2.55,online
1917,large purple babushka notebook,Stationery and Craft,1.25,online
3355,skulls tape,Stationery and Craft,0.65,online
588,cakes and bows gift  tape,Kitchen and Dining,0.65,online
1927,large yellow babushka notebook,Stationery and Craft,1.25,online
1918,large red babushka notebook,Stationery and Craft,1.25,online
156,angel decoration 3 buttons,Party and Festive,0.42,online
107,75 green petit four cases,Kitchen and Dining,0.42,online
3146,set of 36 teatime paper doilies,"Health, Beauty & Personal Care",1.45,online
2970,rose du sud oven glove,Kitchen and Dining,2.95,online
548,brown check cat doorstop,Administrative,4.25,online
337,black and white cat bowl,Kitchen and Dining,2.1,online
1701,holiday fun ludo,Toys and Games,3.75,online
93,6 ribbons empire,Party and Festive,1.65,online
1877,la palmiera wall thermometer,Home Decor,2.55,online
2312,pack 20 english rose paper napkins,Kitchen and Dining,0.85,online
3227,set/20 strawberry paper napkins,Kitchen and Dining,0.85,online
223,assorted incense pack,"Health, Beauty & Personal Care",0.16,online
3677,vanilla incense in tin,"Health, Beauty & Personal Care",0.85,online
4007,yuletide images s/6 paper boxes,Seasonal,2.55,online
64,3d vintage christmas stickers,Seasonal,1.25,online
3230,set/3 floral garden tools in bag,Garden and Outdoor,7.95,online
2946,robot mug in display box,Toys and Games,1.25,online
2366,pack/12 blue folkart cards,Toys and Games,2.95,online
1323,"folk art greeting card,pack/12",Stationery and Craft,2.95,online
3707,vintage caravan greeting card,Stationery and Craft,0.42,online
3217,set of skull wall stickers,Party and Festive,2.95,online
1677,hearts  stickers,Party and Festive,0.85,online
1181,english rose garden secateurs,Garden and Outdoor,1.95,online
222,"assorted flower colour ""leis""",Home Decor,0.65,online
1139,eight piece snake  set,Toys and Games,1.25,online
3363,small camphor wood field  mushroom,Garden and Outdoor,1.65,online
597,camphor wood portobello mushroom,Garden and Outdoor,1.25,online
2653,pink/green flower design big mug,Kitchen and Dining,1.95,online
1290,"flower fairy,5 summer b'draw liners",Home Decor,2.55,online
2813,red love heart shape cup,Kitchen and Dining,0.85,online
2597,pink love heart shape cup,Kitchen and Dining,0.85,online
508,blue/yellow flower design big mug,Kitchen and Dining,1.95,online
1572,green/blue flower design big mug,Kitchen and Dining,1.95,online
2510,pink  heart shape love bucket,Apparel and Accessories,2.95,online
3035,scandinavian paisley picnic bag,Garden and Outdoor,2.95,online
2645,pink vintage paisley picnic bag,Garden and Outdoor,2.95,online
678,charlie and lola charlotte bag,Apparel and Accessories,1.65,online
4003,yellow/pink flower design big mug,Kitchen and Dining,1.95,online
2851,red retrospot tea cup and saucer,Kitchen and Dining,3.75,online
1199,fairy cake notebook a5 size,Kitchen and Dining,0.85,online
1185,english rose notebook a7 size,Stationery and Craft,0.42,online
2186,more butter metal sign,Home Decor,2.1,online
1715,home sweet home metal sign,Garden and Outdoor,2.95,online
2439,party bunting,Party and Festive,4.65,online
3490,strawberries  design flannel,Home Decor,0.85,online
3718,vintage cream dog food container,"Health, Beauty & Personal Care",8.5,online
1057,doormat neighbourhood witch,Home Decor,7.95,online
2485,pharmacie first aid tin,"Health, Beauty & Personal Care",6.75,online
2218,natural slate chalkboard large,Stationery and Craft,4.95,online
2093,metal sign his dinner is served,Home Decor,2.95,online
301,beaded pearl heart white large,Home Decor,1.65,online
293,beaded crystal heart blue small,Home Decor,1.25,online
3216,set of salt and pepper toadstools,Kitchen and Dining,1.25,online
2931,ribbon reel polkadots,Party and Festive,1.65,online
2085,metal decoration naughty children,Party and Festive,0.85,online
768,christmas metal postcard with bells,Seasonal,1.25,online
1426,"garland, magic garden 1.8m",Garden and Outdoor,1.95,online
1325,folk art metal star t-light holder,Home Decor,0.38,online
2501,pig keyring with light & sound,Apparel and Accessories,1.25,online
1682,hello sailor blue soap holder,"Health, Beauty & Personal Care",1.69,online
839,coffee mug blue paisley design,Kitchen and Dining,2.55,online
310,beware of the cat metal sign,Home Decor,1.69,online
62,3d sheet of dog stickers,Party and Festive,0.85,online
61,3d sheet of cat stickers,Party and Festive,0.85,online
285,bathroom set love heart design,"Health, Beauty & Personal Care",2.95,online
797,cinnamon scented votive candle,"Health, Beauty & Personal Care",0.29,online
1801,jasmine votive candle,Home Decor,0.29,online
3315,silver mug bone china tree of life,Kitchen and Dining,1.95,online
3935,woodland party bag + sticker set,Party and Festive,1.65,online
1722,hot baths soap holder,"Health, Beauty & Personal Care",1.69,online
17,12 red rose peg place settings,Home Decor,1.25,online
410,blue circles design monkey doll,Toys and Games,2.55,online
3747,vintage photo album paris days,Stationery and Craft,6.35,online
2105,midnight glamour scarf knitting kit,Toys and Games,2.95,online
1342,frappucino scarf knitting kit,Toys and Games,2.95,online
3343,skull lunch box with cutlery,Kitchen and Dining,2.55,online
2174,money box biscuits design,Home Decor,1.25,online
444,blue leaves and beads phone charm,Apparel and Accessories,1.25,online
362,black gemstone necklace 45cm,Apparel and Accessories,12.75,online
3757,vintage rose bead bracelet black,Apparel and Accessories,4.25,online
505,blue/green shell necklace w pendant,Apparel and Accessories,5.95,online
3333,silver/natural shell necklace,Apparel and Accessories,8.5,online
474,blue polkadot purse,Apparel and Accessories,2.95,online
470,blue polkadot luggage tag,Apparel and Accessories,1.25,online
935,dairy maid stripe mug,Kitchen and Dining,2.95,online
2052,magnets pack of 4 swallows,Home Decor,1.25,online
462,blue patch purse pink heart,Apparel and Accessories,1.65,online
483,blue round compact mirror,Home Decor,3.75,online
3639,tropical luggage tag,Apparel and Accessories,1.25,online
226,assorted monkey suction cup hook,Kitchen and Dining,0.42,online
236,assorted tutti frutti pen,Stationery and Craft,0.85,online
2834,red retrospot luggage tag,Kitchen and Dining,1.25,online
2051,magnets pack of 4 retro photo,Home Decor,1.25,online
204,ass floral print spirit level,DIY and Tools,1.95,online
1408,fuschia flower purse with beads,Apparel and Accessories,1.49,online
2975,rose scent candle in jewelled box,"Health, Beauty & Personal Care",4.25,online
1013,dog toy with pink crochet skirt,Toys and Games,3.75,online
2193,mouse toy with pink t-shirt,Toys and Games,3.75,online
3231,set/3 ocean scent candle jewel box,"Health, Beauty & Personal Care",4.25,online
2273,ocean scent candle in jewelled box,"Health, Beauty & Personal Care",4.25,online
2269,nurse's bag soft toy,Toys and Games,8.95,online
509,bohemian collage stationery set,Stationery and Craft,2.95,online
2660,pink/white ribbed melamine jug,Kitchen and Dining,7.95,online
2840,red retrospot picnic bag,Kitchen and Dining,2.95,online
2173,modern vintage cotton shopping bag,Apparel and Accessories,2.55,online
3491,strawberry   picnic bag,Garden and Outdoor,2.95,online
2550,pink dog bowl,Kitchen and Dining,2.95,online
1482,glass jar kings choice,Kitchen and Dining,2.95,online
1479,glass jar daisy fresh cotton wool,Kitchen and Dining,2.95,online
1484,glass jar peacock bath salts,"Health, Beauty & Personal Care",2.95,online
282,bathroom scales footprints in sand,"Health, Beauty & Personal Care",3.75,online
2231,new baroque black photo album,Home Decor,8.5,online
3038,scented velvet lounge candle,"Health, Beauty & Personal Care",1.25,online
427,blue flock glass candleholder,Kitchen and Dining,1.65,online
3303,silver glitter flower votive holder,Home Decor,1.25,online
1512,gold mug bone china tree of life,Kitchen and Dining,1.95,online
3034,scandinavian 3 hearts napkin ring,Kitchen and Dining,0.65,online
742,chocolate 1 wick morris box candle,Home Decor,4.25,online
1422,gardenia 3 wick morris boxed candle,Garden and Outdoor,4.25,online
41,3 rose morris boxed candles,Home Decor,4.25,online
2523,pink baroque flock candle holder,Apparel and Accessories,5.95,online
3276,sewing box retrospot design,Kitchen and Dining,16.95,online
1242,feltcraft hairband pink and blue,Apparel and Accessories,0.85,online
3552,tea bag plate red retrospot,Kitchen and Dining,0.85,online
1494,glitter hanging butterfly string,Apparel and Accessories,2.1,online
3251,set/4 skull badges,Apparel and Accessories,1.25,online
604,candy shop  sticker sheet,Stationery and Craft,0.85,online
3210,set of 72 pink heart paper doilies,"Health, Beauty & Personal Care",1.45,online
3185,set of 6 heart chopsticks,Kitchen and Dining,1.25,online
2198,multi hearts  stickers,Party and Festive,0.85,online
1397,frying pan pink polkadot,Kitchen and Dining,4.25,online
1990,little green monster soft toy,Toys and Games,2.55,online
2194,mousey long legs soft toy,Toys and Games,2.55,online
1369,french laundry sign blue metal,Home Decor,1.65,online
2797,red dragonfly helicopter,Toys and Games,7.95,online
2717,pottering mug,Kitchen and Dining,1.25,online
1362,french enamel pot w lid,Kitchen and Dining,2.95,online
1363,french enamel utensil holder,Home Decor,3.75,online
3779,wake up cockerel calendar sign,Stationery and Craft,3.75,online
1164,enamel blue rim coffee container,Kitchen and Dining,2.1,online
1163,enamel blue rim biscuit bin,Kitchen and Dining,4.95,online
3538,"swiss roll towel, pink  spots","Health, Beauty & Personal Care",2.95,online
1289,flower fairy incense bouquet,"Health, Beauty & Personal Care",1.69,online
1497,glitter snow pear tree decoration,Party and Festive,1.45,online
649,cat bowl vintage cream,"Health, Beauty & Personal Care",3.25,online
48,3 white choc morris boxed candles,Home Decor,4.25,online
65,4 blue dinner candles silver flock,Home Decor,2.55,online
951,danish rose round sewing box,Stationery and Craft,4.25,online
905,crystal diamante expandable ring,Kitchen and Dining,4.25,online
3846,white glass chunky charm bracelet,Kitchen and Dining,8.95,online
646,cast iron hook garden fork,Kitchen and Dining,2.55,online
647,cast iron hook garden trowel,Garden and Outdoor,2.55,online
1657,heart decoration with pearls,Party and Festive,0.85,online
2928,ribbon reel hearts design,Party and Festive,1.65,online
167,ant silver lime green boudicca ring,Apparel and Accessories,2.95,online
168,ant silver purple boudicca ring,Apparel and Accessories,2.95,online
3768,vintage union jack pennant,Stationery and Craft,1.95,online
300,beaded love heart jewellery set,Apparel and Accessories,0.85,online
2054,magnets pack of 4 vintage labels,Stationery and Craft,1.25,online
240,asstd design racing car pen,Stationery and Craft,1.69,online
1647,happy stencil craft,Stationery and Craft,1.25,online
202,ass des phone sponge craft sticker,"Health, Beauty & Personal Care",0.65,online
1338,forked cactus candle,Kitchen and Dining,2.95,online
3530,sweetheart wire fruit bowl,Kitchen and Dining,8.5,online
843,coffee mug pink paisley design,Kitchen and Dining,2.55,online
977,denim patch purse pink butterfly,Apparel and Accessories,1.65,online
3995,yellow flowers felt handbag kit,Toys and Games,2.1,online
3876,white tissue ream,Stationery and Craft,7.95,online
1227,felt toadstool  small,Garden and Outdoor,0.85,online
1222,felt farm animal chicken,Toys and Games,1.25,online
6,12 ivory rose peg place settings,Home Decor,1.25,online
3392,"small pop box,funky monkey",Home Decor,1.25,online
722,childrens garden gloves pink,Toys and Games,1.25,online
940,daisy garden marker,Garden and Outdoor,1.25,online
324,birdhouse garden marker,Garden and Outdoor,1.25,online
3506,stripes design teddy,Toys and Games,2.55,online
2764,rain poncho retrospot,Kitchen and Dining,0.85,online
965,decorative cats bathroom bottle,"Health, Beauty & Personal Care",1.25,online
277,basket of toadstools,Garden and Outdoor,1.25,online
2511,pink  honeycomb paper ball,"Health, Beauty & Personal Care",2.1,online
669,ceramic strawberry trinket tray,Kitchen and Dining,2.55,online
692,cherry blossom  decorative flask,Kitchen and Dining,3.75,online
998,dinosaur keyrings assorted,Toys and Games,0.21,online
2428,paperweight childhood memories,Toys and Games,2.55,online
2805,red gingham teddy bear,Toys and Games,2.95,online
2609,pink painted kashmiri chair,Apparel and Accessories,42.95,online
3270,set/6 purple butterfly t-lights,Home Decor,2.1,online
105,75 black petit four cases,Kitchen and Dining,0.42,online
1034,dolly mixture children's umbrella,Toys and Games,3.25,online
887,cream felt easter egg basket,Seasonal,1.65,online
424,blue felt easter egg basket,Seasonal,1.65,online
1329,folkart heart napkin rings,Kitchen and Dining,2.95,online
3496,strawberry dream childs umbrella,Toys and Games,3.25,online
1201,fairy cakes notebook a7 size,Kitchen and Dining,0.42,online
3366,small chocolates pink bowl,Kitchen and Dining,1.25,online
1899,large cake towel pink spots,"Health, Beauty & Personal Care",6.75,online
16,12 pink rose peg place settings,Apparel and Accessories,1.25,online
3668,union flag windsock,Party and Festive,1.25,online
1277,floor lamp shade wood base,Home Decor,9.95,online
1194,etched glass coaster,Kitchen and Dining,1.25,online
568,butterfly crochet food cover,Kitchen and Dining,3.75,online
2507,ping microwave apron,Kitchen and Dining,5.95,online
2307,oven mitt apples design,Kitchen and Dining,1.45,online
191,apron apple delight,Kitchen and Dining,4.95,online
1446,gingham oven glove red heart,Kitchen and Dining,3.75,online
785,christmas tree heart decoration,Seasonal,0.42,online
772,christmas musical zinc tree,Seasonal,0.85,online
2043,magic drawing slate leap frog,Toys and Games,0.42,online
2481,periwinkle t-light holder,Home Decor,1.25,online
3282,silicon star bulb  blue,Garden and Outdoor,0.42,online
1911,large medina stamped metal bowl,Kitchen and Dining,4.95,online
448,blue netting storage hanger,Home Decor,1.95,online
3549,tablecloth red apples design,Kitchen and Dining,8.5,online
3281,"silicon cube 25w, blue",Home Decor,0.42,online
3259,set/6 collage paper plates,Kitchen and Dining,0.85,online
2202,multicolour honeycomb fan,"Health, Beauty & Personal Care",1.65,online
2917,retrospot padded seat cushion,Kitchen and Dining,3.75,online
2034,madras notebook large,Stationery and Craft,3.75,online
3119,set of 3 bird light pink feather,Apparel and Accessories,1.25,online
3692,vintage bead notebook,Stationery and Craft,2.95,online
297,beaded crystal heart pink large,Apparel and Accessories,1.65,online
3026,sandalwood fan,Apparel and Accessories,0.85,online
1623,hanging heart jar t-light holder,Kitchen and Dining,1.25,online
2320,pack 6 heart/ice-cream patches,"Health, Beauty & Personal Care",1.25,online
2607,pink owl soft toy,Toys and Games,2.95,online
3273,set/6 turquoise butterfly t-lights,Home Decor,2.1,online
881,cream and pink flowers pony,"Health, Beauty & Personal Care",3.75,online
96,6 rocket balloons,Party and Festive,0.65,online
411,blue circles design teddy,Toys and Games,2.55,online
907,crystal frog phone charm,Apparel and Accessories,0.85,online
3431,sombrero,Apparel and Accessories,1.95,online
160,animal stickers,Party and Festive,0.21,online
1529,green bitty light chain,Home Decor,4.65,online
2763,rain poncho,Apparel and Accessories,0.85,online
230,assorted tutti frutti bracelet,Apparel and Accessories,0.65,online
498,blue travel first aid kit,Toys and Games,1.65,online
1376,french toilet sign blue metal,"Health, Beauty & Personal Care",1.25,online
364,black grand baroque photo frame,Home Decor,4.25,online
2094,metal sign neighbourhood witch,Home Decor,2.1,online
251,bag of silver stones,Apparel and Accessories,0.42,online
1772,ivory pillar candle silver flock,Home Decor,2.95,online
1771,ivory pillar candle gold flock,Home Decor,2.95,online
115,abstract circles sketchbook,Stationery and Craft,3.75,online
1200,fairy cakes notebook a6 size,Kitchen and Dining,0.65,online
3558,tea time breakfast basket,Kitchen and Dining,2.1,online
140,alphabet hearts sticker sheet,Stationery and Craft,0.85,online
1330,folkart star christmas decorations,Seasonal,1.25,online
201,ass colour glowing tiaras,Apparel and Accessories,0.85,online
3834,white bell honeycomb paper garland,Party and Festive,1.65,online
3401,small silver trellis candlepot,Kitchen and Dining,2.95,online
2944,robin christmas card,Seasonal,0.42,online
54,36 pencils tube posy,Stationery and Craft,1.25,online
1332,folkart zinc star christmas dec,Seasonal,0.85,online
3503,"string of 8 butterflies,pink",Apparel and Accessories,1.65,online
3675,utilty cabinet with hooks,Home Decor,26.95,online
1354,french blue metal door sign 9,Home Decor,1.25,online
283,bathroom scales rubber ducks,"Health, Beauty & Personal Care",3.75,online
1276,floor cushion elephant carnival,Home Decor,8.95,online
2760,rabbit  design  cotton tote bag,Apparel and Accessories,2.25,online
1808,jigsaw tree with birdhouse,Toys and Games,1.45,online
1108,easter tin bunny bouquet,Seasonal,1.65,online
1110,easter tin chicks pink daisy,Seasonal,1.65,online
2192,motoring tissue box,Apparel and Accessories,1.25,online
1161,empire tissue box,Stationery and Craft,1.25,online
2644,pink union jack  passport cover,Apparel and Accessories,2.1,online
1847,kensington coffee set,Kitchen and Dining,12.75,online
3223,set/12 funky felt flower peg in bag,Apparel and Accessories,2.1,online
2444,party cones candy tree decoration,Party and Festive,0.85,online
3199,set of 6 t-lights easter chicks,Seasonal,2.95,online
1900,"large cake towel, chocolate spots","Health, Beauty & Personal Care",6.75,online
2608,pink padded mobile,Apparel and Accessories,4.25,online
3006,s/12 mini rabbit easter,Seasonal,1.65,online
3555,tea for one polkadot,Kitchen and Dining,4.25,online
2076,medium medina stamped metal bowl,Kitchen and Dining,2.95,online
2143,mirror cornice,Home Decor,14.95,online
399,blue & white breakfast tray,Kitchen and Dining,5.95,online
2096,"metal sign,cupcake single hook",Kitchen and Dining,1.25,online
2902,retro plastic 70's tray,Kitchen and Dining,0.42,online
2427,paper pocket traveling fan,Apparel and Accessories,0.14,online
3041,scottie dogs baby bib,Apparel and Accessories,1.25,online
299,beaded crystal heart pink small,Apparel and Accessories,1.25,online
296,beaded crystal heart green small,Home Decor,1.25,online
1619,hanging fairy cake decoration,Party and Festive,2.1,online
3766,vintage union jack doorstop,Apparel and Accessories,5.95,online
496,blue teatime print bowl,Kitchen and Dining,1.25,online
2060,man flu metal sign,Home Decor,2.1,online
1732,house wrecking metal sign,Home Decor,2.1,online
2005,love large wood letters,Home Decor,12.75,online
332,biscuit tin vintage green,Kitchen and Dining,6.75,online
1399,frying pan red retrospot,Kitchen and Dining,4.25,online
3102,set of 16 vintage rose cutlery,Kitchen and Dining,12.75,online
2235,new england mug w gift box,Kitchen and Dining,2.55,online
2578,pink green embroidery cosmetic bag,"Health, Beauty & Personal Care",2.95,online
435,blue green embroidery cosmetic bag,"Health, Beauty & Personal Care",2.95,online
2385,pair padded hangers pink check,Administrative,3.75,online
157,angel decoration painted zinc,Party and Festive,0.65,online
3400,small silver flower candle pot,Kitchen and Dining,2.95,online
2858,red rose and lace c/cover,Home Decor,2.95,online
1491,glitter christmas star,Seasonal,0.85,online
635,card suki birthday,Toys and Games,0.42,online
3983,wrap suki and friends,Toys and Games,0.42,online
323,birdhouse decoration magic garden,Garden and Outdoor,1.25,online
322,birdcage decoration tealight holder,Party and Festive,1.25,online
546,brown  pirate treasure chest,Home Decor,1.65,online
478,blue pudding spoon,Kitchen and Dining,0.42,online
2901,retro pink ball ashtray,Kitchen and Dining,1.25,online
3512,summer fun design shower cap,Apparel and Accessories,1.25,online
3508,stripy design shower cap,Apparel and Accessories,1.25,online
3247,set/4 daisy mirror magnets,Home Decor,2.1,online
3243,set/4 bird mirror magnets,Home Decor,2.1,online
3245,set/4 butterfly mirror magnets,Home Decor,2.1,online
1372,french style embossed heart cabinet,Home Decor,21.95,online
3342,skull design tv dinner tray,Kitchen and Dining,4.95,online
1566,green sweetheart bracelet,Apparel and Accessories,4.25,online
640,carnival bracelet,Apparel and Accessories,12.75,online
70,4 pear botanical dinner candles,Home Decor,3.75,online
1406,funky monkey mug,Kitchen and Dining,1.25,online
2756,queen of skies luggage tag,Apparel and Accessories,1.25,online
1118,economy luggage tag,Apparel and Accessories,1.25,online
1654,heart calculator,Stationery and Craft,1.25,online
335,biscuits small bowl light blue,Kitchen and Dining,1.25,online
3383,small marshmallows pink bowl,Kitchen and Dining,1.25,online
2455,party pizza dish green polkadot,Party and Festive,0.85,online
2456,party pizza dish pink polkadot,Party and Festive,0.85,online
2454,party pizza dish blue polkadot,Party and Festive,0.85,online
207,assorted cheese fridge magnets,Home Decor,0.65,online
2471,pearl crystal pumpkin t-light hldr,Home Decor,1.65,online
3871,white stitched cushion cover,Home Decor,6.95,online
2706,porcelain butterfly oil burner,"Health, Beauty & Personal Care",2.95,online
541,"bread bin, diner style, mint",Kitchen and Dining,14.95,online
540,"bread bin, diner style, ivory",Kitchen and Dining,14.95,online
3205,set of 6 vintage notelets kit,Toys and Games,2.55,online
627,card gingham rose,Stationery and Craft,0.42,online
3090,set of 12  vintage postcard set,Stationery and Craft,2.55,online
1880,ladle love heart red,Kitchen and Dining,0.42,online
50,36 doilies dolly girl,Toys and Games,1.45,online
2962,rose 1 wick morris boxed candle,Home Decor,4.25,online
3267,set/6 pink bird t-light candles,Apparel and Accessories,2.1,online
229,assorted tutti frutti  fob notebook,Stationery and Craft,0.85,online
1033,dolly honeycomb garland,Party and Festive,1.65,online
2973,rose folkart heart decorations,Party and Festive,1.25,online
1493,glitter christmas tree with bells,Seasonal,1.95,online
2595,pink knitted egg cosy,Kitchen and Dining,1.95,online
442,blue knitted egg cosy,Kitchen and Dining,1.95,online
3819,way out metal sign,Home Decor,1.65,online
3032,savoy art deco clock,Home Decor,12.75,online
1593,hall cabinet with 3 drawers,Home Decor,49.95,online
1052,doormat home sweet home blue,Garden and Outdoor,7.95,online
503,blue wire spiral candle holder,Home Decor,6.35,online
3007,s/12 vanilla  botanical t-lights,Home Decor,2.95,online
3374,small hammered silver candlepot,Kitchen and Dining,2.95,online
3842,white chrysanthemums art flower,Home Decor,2.1,online
2903,retro plastic daisy tray,Kitchen and Dining,0.42,online
159,angel decoration with lace padded,Party and Festive,0.85,online
3514,sunset check hammock,Administrative,7.95,online
2905,retro plastic polka tray,Kitchen and Dining,0.85,online
3836,white brocante soap dish,"Health, Beauty & Personal Care",2.95,online
113,abstract circle journal,Stationery and Craft,2.55,online
789,chrysanthemum  journal,Stationery and Craft,2.55,online
242,asstd multicolour circles mug,Kitchen and Dining,1.69,online
89,6 egg house painted wood,Kitchen and Dining,7.95,online
1358,french chateau large platter,Kitchen and Dining,7.95,online
1191,envelope 50 curious images,Stationery and Craft,0.85,online
1312,folding camping scissor w/knif & s,Apparel and Accessories,0.12,online
1596,hand open shape deco.white,Stationery and Craft,3.49,online
2593,pink jewelled mirror trinket tray,Kitchen and Dining,9.95,online
3865,white sage incense,"Health, Beauty & Personal Care",0.21,online
126,afghan slipper sock pair,Apparel and Accessories,3.45,online
3198,set of 6 t-lights cacti,Home Decor,2.95,online
801,citronella candle flowerpot,Kitchen and Dining,2.1,online
3373,small glass sundae dish clear,Kitchen and Dining,1.65,online
3706,vintage caravan gift wrap,Stationery and Craft,0.42,online
1503,gold ear muff headphones,Apparel and Accessories,5.49,online
2431,paperweight save the planet,Stationery and Craft,2.55,online
3236,set/3 rose candle in jewelled box,Home Decor,4.25,online
2848,red retrospot storage jar,Kitchen and Dining,3.39,online
2679,pocket bag blue paisley red spot,Kitchen and Dining,1.25,online
2680,pocket bag pink paisely brown spot,Kitchen and Dining,1.25,online
1193,essential balm 3.5g tin in envelope,Stationery and Craft,0.18,online
567,butterflies stickers,Party and Festive,0.85,online
579,cake shop  sticker sheet,Kitchen and Dining,0.85,online
103,72 cake cases vintage christmas,Seasonal,0.55,online
3103,set of 16 vintage sky blue cutlery,Kitchen and Dining,12.75,online
3644,"tumbler, baroque",Kitchen and Dining,1.65,online
3390,small polkadot chocolate gift bag,Apparel and Accessories,0.85,online
1922,large stripes chocolate gift bag,Apparel and Accessories,1.25,online
3921,wooden skittles garden set,Toys and Games,15.95,online
914,cubic mug flock blue on brown,Kitchen and Dining,2.55,online
916,cubic mug pink polkadot,Kitchen and Dining,2.55,online
3735,vintage keepsake box travelogue,Stationery and Craft,6.35,online
3744,vintage notebook paris days,Stationery and Craft,2.95,online
2656,"pink/white ""keep clean"" bullet bin",Apparel and Accessories,2.95,online
1353,french blue metal door sign 8,Home Decor,1.25,online
1345,french blue metal door sign 0,Home Decor,1.25,online
3142,set of 36 mushroom paper doilies,"Health, Beauty & Personal Care",1.45,online
1068,doormat welcome puppies,Home Decor,7.95,online
1069,doormat welcome sunrise,Home Decor,7.95,online
641,carousel design washbag,"Health, Beauty & Personal Care",1.95,online
3595,toxic area  door hanger,Home Decor,1.45,online
1875,la palmiera tile coaster,Kitchen and Dining,1.25,online
3780,wake up cockerel tile coaster,Kitchen and Dining,1.25,online
1806,jigsaw rabbit and birdhouse,Toys and Games,1.65,online
2666,plasmatronic lamp,Home Decor,12.75,online
66,4 burgundy wine dinner candles,Kitchen and Dining,1.25,online
3316,silver oval shape trinket box,Home Decor,9.95,online
3958,wrap blue russian folkart,Stationery and Craft,0.42,online
943,daisy journal,Stationery and Craft,2.55,online
1095,dusty pink christmas tree 30cm,Seasonal,1.25,online
1636,hanging photo clip rope ladder,Home Decor,1.65,online
2615,pink party sunglasses,Party and Festive,1.95,online
2713,posy candy bag,Apparel and Accessories,1.25,online
390,blackchristmas tree 30cm,Seasonal,1.25,online
3215,set of picture frame  stickers,Party and Festive,2.95,online
2156,mirrored wall art photo frames,Home Decor,4.25,online
3239,set/4 badges balloon girl,Party and Festive,1.25,online
3369,small dolly mix design orange bowl,Toys and Games,1.25,online
2682,pocket mirror woodland,Home Decor,1.25,online
3533,sweeties  stickers,Party and Festive,0.85,online
3645,"tumbler, new england",Kitchen and Dining,1.65,online
1667,heart shape wireless doorbell,Home Decor,2.1,online
2110,milk pan red retrospot,Kitchen and Dining,3.75,online
2985,round container set of 5 retrospot,Kitchen and Dining,1.65,online
3266,set/6 pink  butterfly t-lights,Apparel and Accessories,2.1,online
237,assorted tutti frutti small purse,Apparel and Accessories,1.25,online
3264,set/6 green spring paper cups,Kitchen and Dining,0.65,online
233,assorted tutti frutti large purse,Apparel and Accessories,2.1,online
844,coffee scent pillar candle,"Health, Beauty & Personal Care",0.95,online
2628,pink rose washbag,"Health, Beauty & Personal Care",3.75,online
1421,gardenia 1 wick morris boxed candle,Garden and Outdoor,4.25,online
3310,silver lattice vanilla candle pot,Kitchen and Dining,3.75,online
78,4 wildflower botanical candles,Home Decor,3.75,online
2318,pack 3 iron on dog patches,Stationery and Craft,1.25,online
944,daisy notebook,Stationery and Craft,1.65,online
359,black fine bead necklace w tassel,Apparel and Accessories,5.95,online
1263,fire polished glass neckl bronze,Kitchen and Dining,5.95,online
2986,round pink heart mirror,Apparel and Accessories,2.1,online
1501,gold cosmetic bag pink star,"Health, Beauty & Personal Care",2.1,online
1137,eight piece creepy crawlie set,Toys and Games,1.25,online
3414,smokey grey colour d.o.f. glass,Kitchen and Dining,0.65,online
1767,ivory love bird candle,Home Decor,1.25,online
3012,s/3 pot pouri cushions blue colours,Kitchen and Dining,2.1,online
786,christmas tree painted zinc,Seasonal,0.65,online
338,black and white dog bowl,Kitchen and Dining,2.95,online
3459,spots on red bookcover tape,Kitchen and Dining,0.42,online
231,assorted tutti frutti heart box,Home Decor,1.25,online
2693,polyester filler pad 65cmx65cm,Home Decor,4.25,online
235,assorted tutti frutti notebook,Stationery and Craft,2.1,online
1351,french blue metal door sign 6,Home Decor,1.25,online
3397,small red retrospot windmill,Toys and Games,1.25,online
1600,hand towel pale blue w flowers,"Health, Beauty & Personal Care",5.95,online
451,blue organdy round lampshade w bea,Home Decor,0.85,online
3828,white and blue ceramic oil burner,"Health, Beauty & Personal Care",1.25,online
2412,paper chain kit skulls,Toys and Games,2.95,online
2558,pink fairy cake cushion cover,Kitchen and Dining,2.55,online
1561,green pop art mao cushion cover,Home Decor,0.19,online
1669,heart shaped mirror,Home Decor,1.69,online
1518,gold washbag,"Health, Beauty & Personal Care",2.95,online
2751,purple paper parasol,Garden and Outdoor,2.95,online
1366,french garden sign blue metal,Garden and Outdoor,1.25,online
544,brocante coat rack,Apparel and Accessories,9.95,online
3847,white goose feather christmas tree,Seasonal,2.95,online
2611,pink paisley rose gift wrap,Apparel and Accessories,0.42,online
3926,woodland  stickers,Party and Festive,0.85,online
3325,silver teddy bear,Toys and Games,3.75,online
2731,psychedelic wall thermometer,Home Decor,2.55,online
1423,garland with hearts and bells,Party and Festive,4.95,online
2038,magic drawing slate bunnies,Toys and Games,0.42,online
654,ceramic birdhouse crested tit small,Garden and Outdoor,2.95,online
3969,wrap folk art,Stationery and Craft,0.42,online
3307,silver jewelled mirror trinket tray,Kitchen and Dining,9.95,online
69,4 lily  botanical dinner candles,Home Decor,3.75,online
2971,rose du sud washbag,"Health, Beauty & Personal Care",5.95,online
2967,rose du sud cosmetics bag,"Health, Beauty & Personal Care",4.25,online
1581,grow a flytrap or sunflower in tin,Home Decor,1.25,online
595,camouflage ear muff headphones,Party and Festive,5.49,online
467,blue polkadot egg cup,Kitchen and Dining,1.25,online
3693,vintage bead pink evening bag,Apparel and Accessories,4.25,online
1186,english rose scented hanging flower,"Health, Beauty & Personal Care",4.25,online
2575,pink glass candleholder,Kitchen and Dining,2.95,online
919,cupid design scented candles,"Health, Beauty & Personal Care",2.55,online
3465,square cherry blossom cabinet,Home Decor,5.95,online
482,blue rose patch purse pink butterfl,Apparel and Accessories,1.65,online
2345,pack of 20 napkins red apples,Kitchen and Dining,0.85,online
1141,elephant carnival pouffe,Home Decor,14.95,online
3918,wooden regatta bunting,Party and Festive,5.95,online
1343,freestyle canvas art picture,Home Decor,4.25,online
915,cubic mug flock pink on brown,Kitchen and Dining,2.55,online
934,dairy maid large milk jug,Kitchen and Dining,4.95,online
735,childs garden spade pink,Toys and Games,2.1,online
728,childs garden brush blue,Toys and Games,2.1,online
2150,mirror mosaic votive holder,Home Decor,2.1,online
2118,mini jigsaw bunnies,Toys and Games,0.36,online
2705,porcelain budah incense holder,"Health, Beauty & Personal Care",0.07,online
171,antique all glass candlestick,Kitchen and Dining,2.1,online
1563,green rose washbag,"Health, Beauty & Personal Care",3.75,online
3898,wise man star shape egg pan,Kitchen and Dining,1.65,online
2006,love potion masala incense,"Health, Beauty & Personal Care",0.21,online
3101,set of 16 vintage red cutlery,Kitchen and Dining,12.75,online
2347,pack of 20 spaceboy napkins,Toys and Games,0.85,online
3904,wood stamp set flowers,Stationery and Craft,1.65,online
591,calendar family favourites,Stationery and Craft,2.95,online
273,banquet birthday  card,Stationery and Craft,0.42,online
1371,french paisley cushion cover,Home Decor,2.95,online
2206,multicolour spring flower mug,Kitchen and Dining,0.85,online
3229,set/3 decoupage stacking tins,Toys and Games,4.95,online
917,cupboard 3 drawer ma campagne,Kitchen and Dining,14.95,online
969,decorative rose bathroom bottle,"Health, Beauty & Personal Care",1.25,online
3326,silver vanilla  flower candle pot,Kitchen and Dining,3.75,online
2367,pack/12 xmas fun card,Seasonal,2.95,online
1542,green fern sketchbook,Stationery and Craft,3.75,online
3257,set/6 black bird t-light candles,Home Decor,2.1,online
2169,mixed nuts light green bowl,Kitchen and Dining,1.25,online
3265,set/6 ivory bird t-light candles,Home Decor,2.1,online
1364,french enamel water basin,Kitchen and Dining,3.75,online
572,buttons and stripes notebook,Stationery and Craft,3.75,online
1116,eau de nile jewelled t-light holder,Home Decor,0.85,online
3578,tigris eye chunky charm bracelet,Apparel and Accessories,8.95,online
3774,vinyl record frame silver,Stationery and Craft,3.39,online
3108,set of 2 round tins camembert,Home Decor,2.95,online
3277,sewing susan 21 needle set,Stationery and Craft,0.85,online
1804,jet black las vegas bracelet round,Apparel and Accessories,3.75,online
2750,purple las vegas bracelet round,Apparel and Accessories,3.75,online
3966,wrap dolly girl,Toys and Games,0.42,online
327,birthday banquet gift wrap,Stationery and Craft,0.42,online
665,ceramic plate strawberry design,Kitchen and Dining,1.49,online
659,ceramic cake design spotted plate,Kitchen and Dining,1.49,online
258,baking mould heart milk chocolate,Kitchen and Dining,2.55,online
259,baking mould heart white chocolate,Kitchen and Dining,2.55,online
263,baking mould toffee cup chocolate,Kitchen and Dining,2.55,online
254,baking mould chocolate cupcakes,Kitchen and Dining,2.55,online
3973,wrap i love london,Stationery and Craft,0.42,online
485,blue scandinavian paisley wrap,Stationery and Craft,0.42,online
261,baking mould rose white chocolate,Kitchen and Dining,3.25,online
260,baking mould rose milk chocolate,Kitchen and Dining,3.25,online
3546,t-light holder sweetheart hanging,Home Decor,1.95,online
2446,party food shopper bag,Party and Festive,1.25,online
2306,oval wall mirror diamante,Home Decor,9.95,online
1411,fuschia voile pointy shoe dec,"Health, Beauty & Personal Care",1.95,online
1949,"letter ""c"" bling key ring",Apparel and Accessories,1.25,online
1948,"letter ""b"" bling key ring",Apparel and Accessories,1.25,online
1957,"letter ""k"" bling key ring",Apparel and Accessories,1.25,online
370,black mini tape measure,DIY and Tools,0.85,online
3013,s/4 black mini rose candle in bowl,Kitchen and Dining,1.65,online
2506,pin cushion babushka red,Apparel and Accessories,3.35,online
1802,jazz hearts address book,Apparel and Accessories,0.42,online
2073,medina stamped metal stool,Garden and Outdoor,39.95,online
2634,pink small jewelled photoframe,Apparel and Accessories,1.65,online
3850,white hanging beads candle holder,Home Decor,5.45,online
450,blue new baroque flock candlestick,Home Decor,4.65,online
1842,jungle popsicles ice lolly holders,Kitchen and Dining,1.25,online
2610,pink paisley cushion cover,Apparel and Accessories,5.95,online
945,daisy sketchbook,Stationery and Craft,3.75,online
3636,tropical  honeycomb paper garland,Party and Festive,2.55,online
2827,red retrospot big bowl,Kitchen and Dining,4.95,online
1890,large  tall camphor wood toadstool,Garden and Outdoor,5.45,online
1901,large camphor wood field mushroom,Garden and Outdoor,5.45,online
2200,multicolour 3d balls garland,Party and Festive,2.55,online
2758,queen of the skies passport cover,Apparel and Accessories,2.1,online
2723,potting shed twine,Kitchen and Dining,2.1,online
1105,easter decoration natural chick,Seasonal,0.65,online
214,assorted colour suction cup hook,Kitchen and Dining,0.19,online
1443,gingham babushka doorstop,Apparel and Accessories,3.75,online
1056,doormat multicolour stripe,Home Decor,7.95,online
1775,ivory sculpted rnd candle,Home Decor,0.85,online
853,columbian cube candle,Home Decor,1.95,online
1324,folk art metal heart t-light holder,Home Decor,0.38,online
702,chest 7 drawer ma campagne,Home Decor,21.95,online
656,ceramic bowl with strawberry design,Kitchen and Dining,2.95,online
153,amethyst chunky bead bracelet w str,Apparel and Accessories,8.95,online
145,amber chunky bead bracelet w strap,Apparel and Accessories,8.95,online
426,blue flock cushion cover,Home Decor,3.75,online
3743,vintage notebook beauty girl,Stationery and Craft,2.95,online
4029,zinc top  2 door wooden shelf,Apparel and Accessories,16.95,online
2382,pair butterfly hair clips,Apparel and Accessories,3.75,online
1071,doorstop football design,Apparel and Accessories,3.75,online
109,a4 wall tidy blue office,Home Decor,0.65,online
653,cd wall tidy red flowers,Home Decor,0.42,online
2036,magazine rack gebra assorted,Home Decor,2.75,online
3566,tea time teapot in gift box,Kitchen and Dining,9.95,online
3811,wall mirror rectangle diamante pink,Apparel and Accessories,7.95,online
752,christmas craft heart stocking,Seasonal,2.1,online
1670,heart string memo holder hanging,Apparel and Accessories,2.95,online
458,blue paisley sketchbook,Stationery and Craft,3.75,online
2289,orange votive candle,Home Decor,0.29,online
72,4 pink flock christmas balls,Seasonal,1.25,online
2084,metal base for candles,Home Decor,0.42,online
529,box of 9 pebble candles,Home Decor,1.95,online
1279,floral blue monster,Toys and Games,4.25,online
3237,set/3 tall glass candle holder pink,Kitchen and Dining,12.75,online
469,blue polkadot kids bag,Toys and Games,1.95,online
1433,gift bag birthday,Apparel and Accessories,0.65,online
1405,funky monkey gift bag medium,Apparel and Accessories,0.42,online
828,clear love bird t-light holder,Home Decor,3.75,online
2547,pink diamante pen in gift box,Apparel and Accessories,4.95,online
698,cherry blossom table clock,Home Decor,8.95,online
2878,regency mirror with shutters,Home Decor,165.0,online
3739,vintage kitchen print seafood,Toys and Games,2.55,online
637,cardholder gingham christmas tree,Seasonal,2.55,online
2534,pink cat bowl,Kitchen and Dining,2.1,online
3384,small medina stamped metal bowl,Kitchen and Dining,0.85,online
1213,fawn and mushroom greeting card,Garden and Outdoor,0.42,online
253,baking mould chocolate cup cakes,Kitchen and Dining,2.55,online
3260,set/6 eau de nil bird t-lights,Home Decor,2.1,online
732,childs garden rake blue,Toys and Games,2.1,online
731,childs garden fork pink,Toys and Games,0.85,online
737,childs garden trowel pink,Toys and Games,0.85,online
2624,pink regency teacup and saucer,Kitchen and Dining,2.95,online
1361,french enamel candleholder,Home Decor,2.1,online
1565,green square compact mirror,Home Decor,3.75,online
439,blue heart compact mirror,Home Decor,3.75,online
1805,jet black las vegas necklace 45cm,Apparel and Accessories,5.95,online
211,assorted colour metal cat,Home Decor,1.25,online
3631,triangular pouffe vintage,Stationery and Craft,14.95,online
1228,felt toadstool large,Garden and Outdoor,1.25,online
671,chalkboard kitchen organiser,Toys and Games,21.95,online
68,4 lavender botanical dinner candles,Home Decor,3.75,online
580,cake stand 3 tier magic garden,Kitchen and Dining,10.95,online
256,baking mould easter egg milk choc,Seasonal,2.95,online
1055,doormat merry christmas red,Seasonal,7.95,online
929,cut glass t-light holder octagon,Kitchen and Dining,2.55,online
1402,funky diva pen,Stationery and Craft,0.85,online
2935,ribbons purse,Party and Festive,2.1,online
3252,set/4 spring flower decoration,Party and Festive,2.95,online
208,assorted circular mobile,Home Decor,0.21,online
198,ass col circle mobile,Home Decor,0.42,online
2097,metal tube chime on bamboo,Home Decor,1.69,online
1292,"flower glass garland neckl.36""black",Party and Festive,7.95,online
2075,medium chinese style scissor,Stationery and Craft,0.5,online
3370,small folding scissor(pointed edge),Stationery and Craft,0.25,online
403,blue breakfast cup and saucer,Kitchen and Dining,2.95,online
2893,"retro ""tea for one""",Kitchen and Dining,4.95,online
1416,garden path notebook,Garden and Outdoor,1.65,online
114,abstract circles pocket book,Stationery and Craft,0.85,online
3017,s/4 ivory mini rose candle in bowl,Kitchen and Dining,1.65,online
3244,set/4 blue flower candles in bowl,Kitchen and Dining,1.65,online
2847,red retrospot small milk jug,Kitchen and Dining,2.55,online
1592,hairclips forties fabric assorted,Apparel and Accessories,0.65,online
2910,retrospot candle  small,Kitchen and Dining,1.69,online
45,3 tier sweetheart garden shelf,Garden and Outdoor,35.95,online
1202,fairy dreams incense,"Health, Beauty & Personal Care",0.21,online
1079,dragons blood incense,"Health, Beauty & Personal Care",0.21,online
1505,gold fishing gnome,Garden and Outdoor,6.95,online
3322,silver standing gnome,Garden and Outdoor,4.25,online
950,danish rose photo frame,Home Decor,2.55,online
1678,hearts gift tape,Stationery and Craft,0.65,online
3125,set of 3 coney island oval boxes,Home Decor,4.95,online
2141,mint green rose towel,"Health, Beauty & Personal Care",4.65,online
3428,soft pink rose towel,"Health, Beauty & Personal Care",4.65,online
1601,hand towel pink flower and daisy,"Health, Beauty & Personal Care",5.95,online
3867,white soap rack with 2 bottles,"Health, Beauty & Personal Care",5.95,online
2957,romantic images gift wrap set,Stationery and Craft,2.1,online
925,curious images gift wrap set,Stationery and Craft,2.1,online
3696,vintage bead pink purse,Apparel and Accessories,2.95,online
3564,tea time tea set in gift box,Kitchen and Dining,6.95,online
2694,pompom curtain,Home Decor,6.95,online
3193,set of 6 ribbons vintage christmas,Seasonal,2.55,online
1188,english rose small scented flower,"Health, Beauty & Personal Care",0.85,online
1349,french blue metal door sign 4,Home Decor,1.25,online
3140,set of 36 doilies spaceboy design,Toys and Games,1.45,online
1650,hawaiian grass skirt,Apparel and Accessories,1.25,online
1685,hen house w chick standing,Home Decor,0.42,online
219,assorted easter decorations  bells,Seasonal,1.25,online
257,baking mould easter egg white choc,Seasonal,2.95,online
3246,set/4 colourful mixing bowls,Kitchen and Dining,9.95,online
3171,set of 4 pistachio lovebird coaster,Kitchen and Dining,2.55,online
3148,set of 4 black lovebird coasters,Kitchen and Dining,2.55,online
3553,tea cosy blue stripe,Kitchen and Dining,2.55,online
1159,empire design rosette,Home Decor,1.25,online
1070,doormat welcome to our home,Garden and Outdoor,7.95,online
1516,gold standing gnome,Garden and Outdoor,3.75,online
1267,first class luggage tag,Apparel and Accessories,1.25,online
199,ass col large sand frog p'weight,Kitchen and Dining,1.05,online
1528,green birdhouse decoration,Party and Festive,0.72,online
1615,hanging chick cream decoration,Party and Festive,1.45,online
468,blue polkadot garden parasol,Garden and Outdoor,7.95,online
3299,silver fabric mirror,Home Decor,1.25,online
3855,white honeycomb paper garland,Party and Festive,1.65,online
952,danish rose trinket trays,Kitchen and Dining,5.95,online
3075,set 4 nursery des round boxes,Home Decor,2.95,online
948,danish rose deluxe coaster,Kitchen and Dining,0.85,online
3381,small kitchen flower pots plaque,Toys and Games,6.95,online
1864,kitchen flower pots wall plaque,Toys and Games,5.95,online
563,bunny wooden painted with flower,Home Decor,0.85,online
1869,kitty pencil erasers,Toys and Games,0.21,online
562,bunny wooden painted with bird,Home Decor,0.85,online
3972,wrap green russian folkart,Stationery and Craft,0.42,online
1983,lily brooch olive colour,Apparel and Accessories,4.95,online
2696,popart rect pencil sharpener asst,Stationery and Craft,0.42,online
1923,large tortilla design red bowl,Kitchen and Dining,3.75,online
3997,yellow metal chicken heart,Home Decor,1.49,online
443,blue knitted hen,Home Decor,1.65,online
610,candy spot heart decoration,Party and Festive,0.85,online
2497,picnic boxes set of 3 retrospot,Kitchen and Dining,4.95,online
520,bottle bag retrospot,Kitchen and Dining,2.1,online
1546,green goose feather christmas tree,Seasonal,16.95,online
1702,holly top christmas stocking,Seasonal,0.85,online
1297,flower purple clock w/sucker,Home Decor,0.85,online
3349,skulls design flannel,Home Decor,0.85,online
2299,origami rose incense/candle set,"Health, Beauty & Personal Care",2.55,online
2295,origami jasmine incense/candle set,"Health, Beauty & Personal Care",2.55,online
2297,origami opium incense/candle set,"Health, Beauty & Personal Care",2.55,online
2301,origami sandlewood incense/cand set,"Health, Beauty & Personal Care",2.55,online
3550,tall rococo candle holder,Home Decor,8.5,online
2112,mini cake stand  hanging strawbery,Kitchen and Dining,1.45,online
1394,fruit tree and birds wall plaque,Home Decor,7.95,online
3464,sprig lavender artificial flower,Home Decor,0.42,online
3132,set of 3 pink flying ducks,Apparel and Accessories,5.45,online
2379,painted pink rabbit,Apparel and Accessories,0.85,online
1396,frying pan blue polkadot,Kitchen and Dining,4.25,online
2619,pink polkadot garden parasol,Garden and Outdoor,7.95,online
1180,enchanted bird plant cage,Garden and Outdoor,3.75,online
2432,paperweight vintage collage,Stationery and Craft,2.55,online
2429,paperweight home sweet home,Garden and Outdoor,2.55,online
3502,strawbry scented votive candle,"Health, Beauty & Personal Care",0.29,online
2007,love seat antique white metal,Home Decor,175.0,online
1010,dog bowl vintage cream,"Health, Beauty & Personal Care",4.25,online
2146,mirror mosaic goblet candle holder,Home Decor,4.25,online
2148,mirror mosaic t-light holder,Home Decor,1.65,online
2769,rattle snake eggs,Toys and Games,1.25,online
2116,mini highlighter pens,Stationery and Craft,0.12,online
3317,silver photo frame,Home Decor,2.1,online
1513,gold photo frame,Home Decor,2.1,online
1984,lipstick pen baby pink,Apparel and Accessories,0.42,online
1868,kittens design flannel,Toys and Games,0.85,online
1347,french blue metal door sign 2,Home Decor,1.25,online
3173,set of 4 polkadot placemats,Kitchen and Dining,3.75,online
908,crystal hoop earring floral leaf,Apparel and Accessories,2.95,online
3327,silver/amethyst drop earrings leaf,Apparel and Accessories,2.95,online
909,crystal pair heart hair slides,Apparel and Accessories,3.75,online
2103,midnight blue pair heart hair slide,Apparel and Accessories,3.75,online
2647,pink vintage victorian earrings,Apparel and Accessories,2.95,online
2965,rose colour pair heart hair slides,Apparel and Accessories,3.75,online
2909,retrospot candle  medium,Kitchen and Dining,2.1,online
3406,small tall camphor wood toadstool,Garden and Outdoor,1.65,online
394,blossom images gift wrap set,Stationery and Craft,2.1,online
220,assorted easter gift tags,Seasonal,0.85,online
1190,envelope 50 blossom images,Stationery and Craft,0.85,online
1111,easter tin keepsake,Seasonal,1.65,online
1109,easter tin chicks in garden,Seasonal,1.65,online
1809,jigsaw tree with watering can,Toys and Games,0.85,online
1807,jigsaw toadstools 3 piece,Toys and Games,1.65,online
1107,easter tin bucket,Seasonal,2.1,online
497,blue tiled tray,Kitchen and Dining,6.75,online
224,assorted laquered incense holders,"Health, Beauty & Personal Care",0.17,online
645,cartoon  pencil sharpeners,Stationery and Craft,0.16,online
3638,tropical holiday purse,Apparel and Accessories,2.95,online
642,carousel ponies baby bib,Apparel and Accessories,1.25,online
3775,vip holiday purse,Apparel and Accessories,2.95,online
589,cakes and rabbits design flannel,Kitchen and Dining,0.85,online
2458,party time design flannel,Party and Festive,0.85,online
1117,economy holiday purse,Apparel and Accessories,2.95,online
2280,old doc russel metal sign,Home Decor,2.1,online
2241,ninja rabbit pink,Apparel and Accessories,1.25,online
487,blue shark helicopter,Toys and Games,7.95,online
1569,green wire standing candle holder,Home Decor,3.75,online
2959,romantic images scrap book set,Stationery and Craft,4.95,online
2124,mini jigsaw purdey,Toys and Games,0.42,online
1972,letter shape pencil sharpener,Stationery and Craft,0.16,online
379,black stitched wall clock,Home Decor,1.25,online
1038,door hanger  mum + dads room,Home Decor,1.45,online
2757,queen of the skies holiday purse,Apparel and Accessories,2.95,online
1515,gold scroll glass t-light holder,Kitchen and Dining,2.1,online
1483,glass jar marmalade,Kitchen and Dining,2.95,online
2532,pink butterfly washbag,"Health, Beauty & Personal Care",4.25,online
3018,s/4 pink flower candles in bowl,Kitchen and Dining,1.65,online
1295,"flower glass garld neckl36""amethyst",Kitchen and Dining,7.95,online
2737,purple boudicca large bracelet,Apparel and Accessories,6.95,online
2791,red boudicca large bracelet,Apparel and Accessories,6.95,online
165,ant copper turq boudicca bracelet,Apparel and Accessories,4.95,online
3650,turq+red boudicca large bracelet,Apparel and Accessories,6.95,online
2527,pink boudicca large bracelet,Apparel and Accessories,6.95,online
284,"bathroom scales, tropical beach","Health, Beauty & Personal Care",3.75,online
1915,large pink glass sundae dish,Kitchen and Dining,0.75,online
674,charlie & lola wastepaper bin blue,Stationery and Craft,3.75,online
345,black christmas flock droplet,Seasonal,1.25,online
3838,white christmas flock droplet,Seasonal,1.25,online
1306,flowers tile hook,Home Decor,2.1,online
946,danish rose bedside cabinet,Home Decor,39.95,online
584,cake stand victorian filigree large,Kitchen and Dining,8.5,online
2576,pink glass tassle bag charm,Kitchen and Dining,2.95,online
3861,white murano twist bracelet,Apparel and Accessories,4.25,online
1072,doorstop racing car design,Apparel and Accessories,1.25,online
376,black silouette candle plate,Kitchen and Dining,0.85,online
77,4 vanilla botanical candles,Home Decor,3.75,online
1688,hen party cordon barrier tape,Party and Festive,1.25,online
3769,vintage union jack shopping bag,Apparel and Accessories,4.95,online
1367,french kitchen sign blue metal,Toys and Games,1.25,online
1160,empire gift wrap,Stationery and Craft,0.42,online
599,candle plate lace white,Kitchen and Dining,2.55,online
166,ant silver fuschia boudicca ring,Apparel and Accessories,2.95,online
2659,pink/white glass demi choker,Kitchen and Dining,7.5,online
1507,gold m pearl  orbit necklace,Apparel and Accessories,9.95,online
793,chunky silver necklace pastel flowe,Apparel and Accessories,9.95,online
1777,ivory shell heart necklace,Apparel and Accessories,6.25,online
2188,moroccan beaten metal dish large,Kitchen and Dining,12.75,online
4017,zinc heart lattice t-light holder,Home Decor,1.25,online
2941,ridged glass t-light holder,Kitchen and Dining,0.65,online
4015,zinc heart lattice charger large,Home Decor,3.75,online
4016,zinc heart lattice charger small,Home Decor,2.95,online
3289,silver aperitif glass,Kitchen and Dining,2.12,online
177,antique glass place setting,Kitchen and Dining,1.25,online
3186,set of 6 herb tins sketchbook,Garden and Outdoor,3.95,online
3196,set of 6 spice tins pantry design,Kitchen and Dining,3.95,online
3122,set of 3 cake tins pantry design,Kitchen and Dining,4.95,online
2551,pink dog cannister,Apparel and Accessories,5.95,online
2288,orange tv tray table,Kitchen and Dining,4.25,online
499,blue tv tray table,Kitchen and Dining,4.25,online
2736,purple bertie glass bead bag charm,Kitchen and Dining,2.1,online
3527,sweetheart cream steel table rect,"Health, Beauty & Personal Care",19.95,online
1577,grey acrylic faceted bangle,Apparel and Accessories,1.25,online
2195,mr robot soft toy,Toys and Games,1.95,online
1898,large cake towel chocolate spots,"Health, Beauty & Personal Care",1.95,online
949,danish rose folding chair,Apparel and Accessories,7.95,online
2596,pink love bird candle,Apparel and Accessories,0.42,online
995,diamante ring assorted in box.,Apparel and Accessories,1.25,online
2785,red   acrylic faceted bangle,Apparel and Accessories,1.25,online
2733,purple acrylic faceted bangle,Apparel and Accessories,1.25,online
3704,vintage blue kitchen cabinet,Toys and Games,125.0,online
3388,small pink glass sundae dish,Kitchen and Dining,0.42,online
1704,home garland painted zinc,Party and Festive,0.85,online
3068,set 3 wicker storage baskets,Home Decor,9.95,online
3321,silver rococo candle stick,Home Decor,1.95,online
2868,red victorian fabric oval box,Home Decor,0.42,online
2266,number tile vintage font 8,Stationery and Craft,1.95,online
2263,number tile vintage font 5,Stationery and Craft,1.95,online
947,danish rose decorative plate,Kitchen and Dining,0.42,online
3781,wake up cockerel tile hook,Home Decor,2.1,online
262,baking mould toffee cup  chocolate,Kitchen and Dining,2.55,online
255,baking mould cupcake chocolate,Kitchen and Dining,2.55,online
3123,set of 3 cake tins sketchbook,Kitchen and Dining,4.95,online
3777,vippassport cover,Apparel and Accessories,2.1,online
3697,vintage bead pink scarf,Apparel and Accessories,1.65,online
3849,white hand towel with butterfly,"Health, Beauty & Personal Care",1.25,online
3962,wrap circus parade,Stationery and Craft,0.42,online
730,childs garden fork blue,Toys and Games,0.85,online
736,childs garden trowel blue,Toys and Games,0.85,online
1646,happy easter hanging decoration,Seasonal,3.75,online
1621,hanging heart basket,Home Decor,2.1,online
60,3d hearts  honeycomb paper garland,Party and Festive,2.95,online
1639,hanging spring flower egg large,Apparel and Accessories,0.85,online
3872,white stitched wall clock,Home Decor,1.25,online
3149,set of 4 carousel placemats,Kitchen and Dining,1.25,online
238,asstd col butterfly/crystal w/chime,Home Decor,0.42,online
416,blue daisy mobile,Home Decor,0.85,online
203,ass floral print multi screwdriver,DIY and Tools,0.42,online
2268,number tile vintage font no,Stationery and Craft,0.75,online
2267,number tile vintage font 9,Stationery and Craft,0.42,online
2265,number tile vintage font 7,Stationery and Craft,0.42,online
2264,number tile vintage font 6,Stationery and Craft,0.42,online
2262,number tile vintage font 4,Stationery and Craft,0.42,online
2261,number tile vintage font 3,Stationery and Craft,0.42,online
2260,number tile vintage font 2,Stationery and Craft,0.42,online
2259,number tile vintage font 1,Stationery and Craft,0.42,online
2258,number tile vintage font 0,Stationery and Craft,0.42,online
663,ceramic love heart money bank,Home Decor,0.42,online
2480,pens assorted spaceball,Stationery and Craft,0.21,online
2478,pens assorted funky jeweled,Stationery and Craft,0.21,online
3748,vintage pink decorative parasol,Garden and Outdoor,3.95,online
1700,hippy chic decorative parasol,Garden and Outdoor,3.95,online
2196,mrs robot soft toy,Toys and Games,1.95,online
2524,pink bertie glass bead bag charm,Kitchen and Dining,0.85,online
2588,pink hearts light chain,Apparel and Accessories,1.25,online
2810,red hearts light chain,Home Decor,1.25,online
3261,set/6 frog prince t-light candles,Home Decor,0.85,online
3875,"white tea,coffee,sugar jars",Kitchen and Dining,1.25,online
2637,pink stitched wall clock,Apparel and Accessories,1.25,online
1791,jam jar with blue lid,Kitchen and Dining,0.72,online
1475,glass chalice green  small,Kitchen and Dining,1.45,online
477,blue pot plant candle,Kitchen and Dining,3.75,online
1385,frosted white base,Home Decor,0.85,online
2203,multicolour honeycomb paper garland,Party and Festive,1.65,online
2108,milk pan blue polkadot,Kitchen and Dining,3.75,online
912,crystal stud earrings assorted col,Apparel and Accessories,0.38,online
2894,retro brown ball ashtray,Kitchen and Dining,1.25,online
286,beach hut design blackboard,Home Decor,4.25,online
1268,first class passport cover,Apparel and Accessories,2.1,online
3647,turq ice cream bum bag,"Health, Beauty & Personal Care",2.55,online
3320,silver roccoco chandelier,Home Decor,29.95,online
2571,pink fly swat,Garden and Outdoor,0.65,online
429,blue fly swat,Garden and Outdoor,0.65,online
1919,large red retrospot windmill,Toys and Games,2.1,online
2298,origami rose incense in tube,"Health, Beauty & Personal Care",1.65,online
2089,metal sign cupcake single hook,Kitchen and Dining,0.42,online
1763,ivory hanging decoration  egg,Party and Festive,0.85,online
3754,vintage red mug,Kitchen and Dining,1.25,online
577,cake plate lovebird pink,Kitchen and Dining,1.95,online
147,amber diamante expandable ring,Kitchen and Dining,4.25,online
1256,fine silver necklace w pastel flowe,Apparel and Accessories,7.5,online
163,ant copper pink boudicca bracelet,Apparel and Accessories,4.95,online
162,ant copper lime boudicca bracelet,Apparel and Accessories,4.95,online
1545,green glass tassle bag charm,Kitchen and Dining,2.95,online
3654,turquoise glass tassle bag charm,Kitchen and Dining,2.95,online
1131,egg cup natural chicken,Kitchen and Dining,1.25,online
3250,set/4 red mini rose candle in bowl,Kitchen and Dining,1.65,online
1225,felt farm animal sheep,Toys and Games,0.42,online
1224,felt farm animal rabbit,Toys and Games,0.42,online
1223,felt farm animal hen,Toys and Games,0.42,online
2539,pink christmas flock droplet,Seasonal,1.25,online
123,"acrylic jewel snowflake,pink",Apparel and Accessories,2.55,online
1798,jardin etched glass fruitbowl,Kitchen and Dining,10.75,online
2939,ridged glass posy vase,Kitchen and Dining,1.45,online
346,black christmas tree 120cm,Seasonal,8.49,online
1378,freshwater pearl bracelet gold,Apparel and Accessories,2.55,online
2388,pale pink/amethyst stone necklace,Apparel and Accessories,9.95,online
1264,fire polished glass neckl gold,Kitchen and Dining,5.95,online
2468,"pearl & shell 42""neckl. green",Apparel and Accessories,10.75,online
3567,teal/fuschia col bead necklace,Kitchen and Dining,4.95,online
149,amber fine bead necklace w tassel,Apparel and Accessories,5.95,online
2563,pink flock glass candleholder,Kitchen and Dining,1.65,online
1800,jardin etched glass small bell jar,Kitchen and Dining,4.95,online
519,botanical rose greeting card,Stationery and Craft,0.42,online
517,botanical lily greeting card,Stationery and Craft,0.42,online
369,black medium glass cake stand,Kitchen and Dining,3.75,online
3505,stripes design monkey doll,Toys and Games,2.55,online
3015,s/4 groovy cat magnets,Home Decor,1.65,online
432,blue gingham rose cushion cover,Home Decor,5.95,online
2508,ping! microwave plate,Kitchen and Dining,3.75,online
2130,mini painted garden decoration,Garden and Outdoor,0.21,online
241,asstd fruit+flowers fridge magnets,Home Decor,0.55,online
2296,origami lavender incense/candl set,"Health, Beauty & Personal Care",2.55,online
2512,pink  honeycomb paper fan,"Health, Beauty & Personal Care",2.1,online
814,classic french style basket green,Home Decor,6.75,online
1317,folding umbrella blackblue polkadot,Apparel and Accessories,4.95,online
2302,origami vanilla incense cones,"Health, Beauty & Personal Care",0.5,online
2303,origami vanilla incense/candle set,"Health, Beauty & Personal Care",0.5,online
2247,number tile cottage garden 0,Garden and Outdoor,1.95,online
2256,number tile cottage garden 9,Garden and Outdoor,1.95,online
2257,number tile cottage garden no,Garden and Outdoor,2.1,online
2253,number tile cottage garden 6,Garden and Outdoor,1.95,online
2249,number tile cottage garden 2,Garden and Outdoor,1.95,online
2254,number tile cottage garden 7,Garden and Outdoor,1.95,online
2252,number tile cottage garden 5,Garden and Outdoor,1.95,online
2251,number tile cottage garden 4,Garden and Outdoor,1.95,online
2248,number tile cottage garden 1,Garden and Outdoor,1.95,online
2250,number tile cottage garden 3,Garden and Outdoor,1.95,online
842,coffee mug pears  design,Kitchen and Dining,2.55,online
3043,scotties design washbag,"Health, Beauty & Personal Care",1.95,online
2992,round white confetti in tube,Party and Festive,1.65,online
2509,pink  heart confetti in tube,Party and Festive,1.65,online
581,cake stand lace white,Kitchen and Dining,4.25,online
1995,london bus coffee mug,Kitchen and Dining,2.55,online
2556,pink enamel+glass hair comb,"Health, Beauty & Personal Care",2.1,online
838,coffee mug apples design,Kitchen and Dining,2.55,online
655,ceramic bowl with love heart design,Kitchen and Dining,2.95,online
518,botanical rose gift wrap,Stationery and Craft,0.42,online
2635,pink spots chocolate nesting boxes,Kitchen and Dining,2.55,online
2759,queens guard coffee mug,Kitchen and Dining,2.55,online
1564,green round compact mirror,Home Decor,1.25,online
3253,set/4 white retro storage cubes,Home Decor,34.95,online
2729,psychedelic tile coaster,Kitchen and Dining,0.42,online
2822,red pudding spoon,Kitchen and Dining,0.42,online
2205,multicolour rabbit egg warmer,Kitchen and Dining,2.1,online
926,curious images scrap book set,Stationery and Craft,4.95,online
2047,magic sheep wool growing from paper,Stationery and Craft,2.55,online
3150,set of 4 diamond napkin rings,Kitchen and Dining,12.75,online
2603,pink new baroque flock candlestick,Apparel and Accessories,4.65,online
3306,silver hoop earrings with flower,Apparel and Accessories,5.95,online
3309,silver lariat black stone earrings,Apparel and Accessories,4.25,online
192,apron modern vintage cotton,Kitchen and Dining,5.95,online
2433,paperweight vintage paisley,Stationery and Craft,0.85,online
2684,polkadot coffee cup & saucer pink,Kitchen and Dining,0.85,online
1113,eau de nil love bird candle,Home Decor,1.25,online
377,black small glass cake stand,Kitchen and Dining,1.95,online
3353,skulls storage box large,Home Decor,2.95,online
2430,paperweight kings choice,Stationery and Craft,0.85,online
1220,felt egg cosy ladybird,Kitchen and Dining,0.19,online
1731,house shape pencil sharpener,Stationery and Craft,0.21,online
3737,vintage kitchen print fruits,Toys and Games,2.55,online
3572,teatime round pencil sharpener,Kitchen and Dining,0.42,online
2170,mobile vintage hearts,Stationery and Craft,4.95,online
1370,french lavender scent heart,"Health, Beauty & Personal Care",2.1,online
71,4 pink dinner candle silver flock,Apparel and Accessories,2.55,online
2300,origami sandlewood incense+flower,"Health, Beauty & Personal Care",2.1,online
1176,enamel pink tea container,Kitchen and Dining,2.1,online
1175,enamel pink coffee container,Kitchen and Dining,2.1,online
3640,tropical passport cover,Apparel and Accessories,0.75,online
3513,sunflower decorative parasol,Garden and Outdoor,3.95,online
2570,pink fluffy christmas decoration,Seasonal,0.19,online
2178,money box housekeeping design,Apparel and Accessories,1.25,online
1762,ivory hanging decoration  bird,Party and Festive,0.85,online
3297,silver disco handbag,Apparel and Accessories,5.95,online
3324,silver t-light setting,Home Decor,6.75,online
395,blossom images scrap book set,Stationery and Craft,4.95,online
2908,retrospot candle  large,Kitchen and Dining,2.55,online
962,decoration white chick magic garden,Garden and Outdoor,0.85,online
2176,money box first ade design,Home Decor,1.25,online
2574,pink gingham cat with scarf,Apparel and Accessories,2.55,online
1282,floral soft car toy,Toys and Games,3.75,online
2538,pink chick egg warmer + egg cup,Kitchen and Dining,2.1,online
397,blue  tile hook,Home Decor,2.55,online
2561,pink felt easter rabbit garland,Seasonal,2.55,online
3039,school desk and chair,Apparel and Accessories,65.0,online
3831,white baroque wall clock,Home Decor,12.75,online
340,black baroque wall clock,Home Decor,12.75,online
3232,set/3 polkadot stacking tins,Toys and Games,4.95,online
3554,tea cosy red  stripe,Kitchen and Dining,2.55,online
3939,woodland storage box large,Home Decor,2.95,online
582,cake stand lovebird 2 tier pink,Kitchen and Dining,9.95,online
2688,polyester filler pad 30cmx30cm,Home Decor,1.25,online
2171,mock lobster fridge magnet,Home Decor,0.85,online
3910,wooden box advent calendar,Seasonal,8.95,online
1093,drop diamante earrings purple,Apparel and Accessories,2.95,online
164,ant copper red boudicca bracelet,Apparel and Accessories,4.95,online
1090,drop diamante earrings black diamon,Apparel and Accessories,2.95,online
3758,vintage rose bead bracelet raspberr,Apparel and Accessories,4.25,online
1941,lazer cut necklace w pastel beads,Apparel and Accessories,8.95,online
81,5 strand glass necklace amber,Kitchen and Dining,6.35,online
3331,silver/mop orbit necklace,Apparel and Accessories,9.95,online
941,daisy hair band,Apparel and Accessories,1.65,online
2738,purple chunky glass+bead necklace,Kitchen and Dining,11.95,online
3511,summer daisies bag charm,Apparel and Accessories,2.55,online
813,classic french style basket brown,Home Decor,6.75,online
1115,eau de nile jewelled photoframe,Home Decor,2.55,online
2528,pink boudoir t-light holder,Apparel and Accessories,0.85,online
886,cream delphinium artificial flower,"Health, Beauty & Personal Care",2.95,online
1926,large white/pink rose art flower,Apparel and Accessories,2.12,online
2080,medium white/pink rose art flower,Apparel and Accessories,1.69,online
3829,white anemone artificial flower,Home Decor,1.69,online
2533,pink candystuft artificial flower,Apparel and Accessories,1.45,online
2522,pink baby bunting,Party and Festive,2.95,online
959,"decoration , wobbly rabbit , metal",Party and Festive,1.65,online
1382,frog candle,Home Decor,1.25,online
3976,wrap monster fun,Toys and Games,0.42,online
3599,toybox  wrap,Toys and Games,0.42,online
402,blue blossom hair clip,Apparel and Accessories,1.05,online
2639,pink strawberry handbag,Apparel and Accessories,2.95,online
2162,mirrored wall art table lamp,Home Decor,2.95,online
3403,small skull windmill,Toys and Games,1.25,online
3234,set/3 rabbits flower skippping rope,Apparel and Accessories,0.85,online
294,beaded crystal heart green large,Home Decor,1.65,online
1576,"greeting card,square, doughnuts",Stationery and Craft,0.42,online
997,dinosaur height chart sticker set,Toys and Games,2.95,online
1725,hot water bottle babushka large,"Health, Beauty & Personal Care",4.65,online
326,birthday banner tape,Party and Festive,1.25,online
2122,mini jigsaw go to the fair,Toys and Games,0.42,online
3852,white heart confetti in tube,Party and Festive,0.42,online
1463,glass bead hoop earrings black,Kitchen and Dining,2.95,online
1462,glass bead hoop earrings amethyst,Kitchen and Dining,2.95,online
3312,silver m.o.p orbit bracelet,Apparel and Accessories,4.95,online
2211,murano style glass bracelet red,Kitchen and Dining,3.5,online
1554,green murano twist bracelet,Apparel and Accessories,4.25,online
2209,murano style glass bracelet black,Kitchen and Dining,3.5,online
612,cannabis leaf bead curtain,Home Decor,0.85,online
2283,opium scented votive candle,"Health, Beauty & Personal Care",0.21,online
1950,"letter ""d"" bling key ring",Apparel and Accessories,1.25,online
2003,love heart trinket pot,Kitchen and Dining,1.45,online
2623,pink pot plant candle,Kitchen and Dining,3.75,online
1499,glow in dark dolphins,Toys and Games,0.21,online
1938,lavender scent cake candle,"Health, Beauty & Personal Care",0.29,online
1352,french blue metal door sign 7,Home Decor,1.25,online
3992,yellow dragonfly helicopter,Toys and Games,7.95,online
703,chest natural wood 20 drawers,Home Decor,125.0,online
3822,wheelbarrow for children,Toys and Games,12.75,online
733,childs garden rake pink,Toys and Games,2.1,online
265,baking set 9 piece retrospot,Kitchen and Dining,4.95,online
2613,pink paper parasol,Garden and Outdoor,2.95,online
4,12 egg house painted wood,Kitchen and Dining,12.75,online
2599,pink metal chicken heart,Apparel and Accessories,1.25,online
1530,green cat floral cushion cover,Home Decor,3.75,online
1119,edwardian drop earrings jet black,Apparel and Accessories,3.75,online
2745,purple frangipani hairclip,Kitchen and Dining,0.85,online
360,black flower candle plate,Kitchen and Dining,0.85,online
423,blue egg  spoon,Kitchen and Dining,0.42,online
3755,vintage red teatime mug,Kitchen and Dining,1.25,online
2697,popart wooden pencils asst,Stationery and Craft,0.12,online
2819,red polkadot beaker,Kitchen and Dining,1.95,online
3138,set of 36 dinosaur paper doilies,Toys and Games,1.45,online
3556,tea party  wrapping paper,Party and Festive,0.42,online
3863,white rosebud  pearl earrings,Apparel and Accessories,2.55,online
2823,red purse with pink heart,Apparel and Accessories,1.25,online
409,blue chenille shaggy cushion cover,Home Decor,1.95,online
2535,pink cat floral cushion cover,Apparel and Accessories,3.75,online
3729,vintage glass tea caddy,Kitchen and Dining,5.95,online
2889,relax large wood letters,Home Decor,15.95,online
1305,flowers tile coaster,Kitchen and Dining,0.42,online
1797,jardin etched glass cheese dish,Kitchen and Dining,7.25,online
1616,hanging chick green decoration,Party and Festive,1.45,online
1627,hanging hen on nest decoration,Party and Festive,1.65,online
1101,easter craft 4 chicks,Seasonal,1.95,online
3300,silver fishing gnome,Garden and Outdoor,6.95,online
532,box/12 chick & egg in basket,Home Decor,1.95,online
1640,hanging spring flower egg small,Apparel and Accessories,0.65,online
2127,mini ladle love heart red,Kitchen and Dining,0.42,online
636,card wedding day,Stationery and Craft,0.42,online
2652,pink/flower rabbit egg warmer,Kitchen and Dining,2.1,online
106,75 green fairy cake cases,Kitchen and Dining,0.55,online
3098,set of 16 vintage black cutlery,Kitchen and Dining,12.75,online
1183,english rose metal waste bin,Home Decor,2.95,online
3964,wrap daisy carpet,Stationery and Craft,0.42,online
3233,set/3 pot plant candles,Kitchen and Dining,5.45,online
3987,wrap wedding day,Stationery and Craft,0.42,online
1633,hanging metal rabbit decoration,Party and Festive,1.25,online
1409,fuschia retro bar stool,Garden and Outdoor,39.95,online
855,condiment tray 4 bowls and 4 spoons,Kitchen and Dining,9.95,online
605,candy spot bunny,Kitchen and Dining,2.95,online
2632,pink scottie dog w flower pattern,Apparel and Accessories,2.55,online
486,blue scottie dog w flower pattern,Apparel and Accessories,2.55,online
2761,rabbit easter decoration,Seasonal,2.95,online
2201,multicolour easter rabbit,Seasonal,1.95,online
1699,hilda candy spot rabbit,Kitchen and Dining,3.75,online
173,antique cream cutlery shelf,"Health, Beauty & Personal Care",8.5,online
3770,vintage wooden bar stool,Garden and Outdoor,29.95,online
3999,yellow pot plant candle,Kitchen and Dining,3.75,online
939,daisy folkart heart decoration,Party and Festive,1.25,online
2381,painted yellow wooden daisy,Home Decor,0.85,online
938,daisies  honeycomb garland,Party and Festive,1.65,online
856,congratulations bunting,Party and Festive,5.45,online
2730,psychedelic tile hook,Home Decor,2.1,online
3738,vintage kitchen print puddings,Toys and Games,2.55,online
1748,icon placemat pop art elvis,Kitchen and Dining,0.42,online
586,cake stand victorian filigree small,Kitchen and Dining,4.95,online
3989,"wrap, carousel",Stationery and Craft,0.42,online
1473,glass chalice blue small,Kitchen and Dining,1.65,online
1114,eau de nile heart shape photo frame,Home Decor,1.65,online
398,blue  voile lampshade,"Health, Beauty & Personal Care",2.95,online
2969,rose du sud drawstring bag,Apparel and Accessories,4.25,online
3258,set/6 collage paper cups,Kitchen and Dining,0.65,online
3263,set/6 fruit salad paper cups,Kitchen and Dining,0.65,online
3262,set/6 fruit salad  paper plates,Kitchen and Dining,0.85,online
607,candy spot egg warmer hare,Kitchen and Dining,1.25,online
608,candy spot egg warmer rabbit,Kitchen and Dining,1.25,online
1574,"greeting card, sticky gordon",Party and Festive,0.19,online
1573,"greeting card, overcrowded pool.",Stationery and Craft,0.19,online
956,decoration  butterfly  magic garden,Garden and Outdoor,0.72,online
957,decoration  pink chick magic garden,Garden and Outdoor,0.72,online
559,bunny decoration magic garden,Garden and Outdoor,0.72,online
1575,"greeting card, two sisters.",Stationery and Craft,0.19,online
3172,set of 4 polkadot coasters,Kitchen and Dining,1.25,online
804,citrus garland felt flowers,Party and Festive,1.95,online
3242,set/4 badges dogs,Apparel and Accessories,1.25,online
3240,set/4 badges beetles,Apparel and Accessories,1.25,online
1104,easter decoration hanging bunny,Seasonal,0.65,online
1106,easter decoration sitting bunny,Seasonal,0.85,online
1103,easter decoration egg bunny,Seasonal,1.25,online
2968,rose du sud cushion cover,Home Decor,6.35,online
1977,lighthouse printed metal sign,Home Decor,4.95,online
3655,turquoise heart of glass bracelet,Kitchen and Dining,5.95,online
1549,green heart of glass bracelet,Kitchen and Dining,5.95,online
2545,pink crystal+glass bracelet,Kitchen and Dining,4.95,online
348,black chunky bead bracelet w strap,Apparel and Accessories,8.95,online
3653,turquoise crystal+glass bracelet,Kitchen and Dining,4.95,online
2890,resin bracelet w pastel beads,Apparel and Accessories,4.95,online
2891,resin necklace w pastel beads,Apparel and Accessories,7.5,online
1904,large circular mirror mobile,Home Decor,1.25,online
2232,new baroque jewellery box,Apparel and Accessories,7.95,online
2230,new baroque black boxes,Home Decor,12.75,online
2189,moroccan beaten metal mirror,Home Decor,12.75,online
414,blue crusoe check lampshade,Administrative,0.42,online
3740,vintage kitchen print vegetables,Toys and Games,2.55,online
1641,hanging wood and felt butterfly,Home Decor,0.42,online
1642,hanging wood and felt flower,Home Decor,0.42,online
3093,set of 12 mini bunnies in a bucket,Toys and Games,2.1,online
2240,ninja rabbit black,Home Decor,1.25,online
966,decorative flore bathroom bottle,"Health, Beauty & Personal Care",0.42,online
393,blossom  images notebook set,Stationery and Craft,4.25,online
2585,pink heart red handbag,Apparel and Accessories,2.95,online
1991,little pink monster soft toy,Toys and Games,2.55,online
3565,tea time tea towels,"Health, Beauty & Personal Care",2.55,online
2462,pastel colour honeycomb fan,"Health, Beauty & Personal Care",1.65,online
2537,pink cherry lights,Apparel and Accessories,6.75,online
1638,hanging ridge glass t-light holder,Kitchen and Dining,1.69,online
848,colourful flower fruit bowl,Kitchen and Dining,6.95,online
1112,easter tree yellow birds,Seasonal,5.95,online
1266,first class holiday purse,Apparel and Accessories,2.95,online
1472,glass cake cover and plate,Kitchen and Dining,14.95,online
318,bird decoration green polkadot,Party and Festive,0.85,online
2620,pink polkadot kids bag,Toys and Games,1.95,online
2149,mirror mosaic t-light holder round,Home Decor,1.65,online
3965,wrap doiley design,"Health, Beauty & Personal Care",0.42,online
2625,pink retro big flower bag,Apparel and Accessories,1.95,online
2126,mini ladle love heart pink,Kitchen and Dining,0.42,online
3888,white/pink chick decoration,Party and Festive,1.25,online
3953,wrap alphabet design,Stationery and Craft,0.42,online
2560,pink felt easter egg basket,Seasonal,1.65,online
1326,folk felt hanging multicol garland,Party and Festive,3.75,online
1613,hanging butterfly  egg,Home Decor,0.85,online
2579,pink hanging gingham easter hen,Seasonal,0.42,online
436,blue hanging gingham easter hen,Seasonal,0.42,online
958,"decoration , wobbly chicken, metal",Party and Festive,1.65,online
561,bunny egg garland,Party and Festive,0.42,online
392,blond doll doorstop,Toys and Games,6.75,online
389,black/white glass/silver bracelet,Kitchen and Dining,8.95,online
3993,yellow easter egg hunt start post,Seasonal,1.95,online
1535,green easter egg hunt start post,Seasonal,1.95,online
1097,easter bunny garland of flowers,Seasonal,0.42,online
606,candy spot cushion cover,Kitchen and Dining,2.95,online
193,aqua bertie glass bead bag charm,Kitchen and Dining,0.85,online
3066,set 3 song bird paper eggs assorted,Stationery and Craft,2.55,online
3064,set 3 paper vintage chick paper egg,Stationery and Craft,2.55,online
2474,peg bag apple design,Apparel and Accessories,2.1,online
1398,frying pan red polkadot,Kitchen and Dining,4.25,online
3255,set/5 red spotty lid glass bowls,Kitchen and Dining,2.55,online
2019,lunch bag red spotty,Kitchen and Dining,1.45,online
2155,mirrored wall art ladies,Home Decor,2.55,online
298,beaded crystal heart pink on stick,Apparel and Accessories,1.25,online
292,beaded crystal heart blue on stick,Home Decor,1.25,online
295,beaded crystal heart green on stick,Home Decor,1.25,online
243,asstd rasta key-chains,Apparel and Accessories,0.42,online
3979,wrap poppies  design,Stationery and Craft,0.42,online
1098,easter bunny hanging garland,Seasonal,1.25,online
560,bunny egg box,Home Decor,1.25,online
1099,easter bunny with basket on back,Seasonal,0.65,online
422,blue easter egg hunt start post,Seasonal,1.95,online
38,3 pink hen+chicks in basket,Apparel and Accessories,1.25,online
15,12 pink hen+chicks in basket,Apparel and Accessories,2.55,online
1100,easter bunny wreath,Seasonal,4.95,online
1383,frog king watering can,Garden and Outdoor,2.95,online
2504,pin cushion babushka blue,Apparel and Accessories,3.35,online
87,50cm metal string with  7 clips,Apparel and Accessories,0.85,online
228,assorted shapes photo clip silver,Home Decor,0.65,online
3986,wrap vintage petals  design,Stationery and Craft,0.42,online
2531,pink butterfly cushion cover,Apparel and Accessories,4.95,online
3837,white candystuft artificial flower,Home Decor,1.45,online
24,2 picture book eggs easter bunny,Seasonal,1.25,online
2600,pink metal swinging bunny,Apparel and Accessories,0.85,online
221,assorted farmyard animals in bucket,Toys and Games,0.85,online
2816,red paper parasol,Garden and Outdoor,2.95,online
2111,mini  zinc garden decorations,Garden and Outdoor,0.85,online
2074,medium ceramic top storage jar,Kitchen and Dining,1.04,online
4014,zinc heart lattice 2 wall planter,Garden and Outdoor,6.35,online
1272,flag of st george,Party and Festive,1.65,online
500,blue victorian fabric oval box,Home Decor,0.42,online
484,blue savannah picnic hamper for 2,Garden and Outdoor,12.75,online
1686,hen house w family in barn & nest,Home Decor,0.85,online
2873,red/cream stripe cushion cover,"Health, Beauty & Personal Care",1.25,online
2536,pink cherry blossom cup & saucer,Kitchen and Dining,1.25,online
990,"diamante heart shaped wall mirror,",Home Decor,12.75,online
1963,"letter ""r"" bling key ring",Apparel and Accessories,1.25,online
1340,four rabbit easter decorations,Seasonal,1.25,online
3154,set of 4 green carousel coasters,Kitchen and Dining,1.25,online
3399,small round cut glass candlestick,Kitchen and Dining,4.95,online
2592,pink hydrangea art flower,Apparel and Accessories,2.1,online
901,crochet rose purse with suede back,Apparel and Accessories,2.95,online
1876,la palmiera tile hook,Home Decor,2.1,online
3409,small white/pink rose art flower,Apparel and Accessories,1.25,online
2310,oyster trinket box,Home Decor,3.25,online
291,beaded crystal heart blue  large,Home Decor,1.65,online
1541,green fern pocket book,Stationery and Craft,0.85,online
2157,mirrored wall art poppies,Home Decor,2.55,online
3269,set/6 posies paper plates,Kitchen and Dining,0.85,online
1270,five cats hanging decoration,Party and Festive,2.55,online
2794,red daisy paper lampshade,Stationery and Craft,1.25,online
2502,pig mug in two colour designs,Kitchen and Dining,0.85,online
1275,flames sunglasses pink lenses,Kitchen and Dining,1.95,online
2616,pink pillar candle silver flock,Apparel and Accessories,2.95,online
3473,standing fairy pole support,Home Decor,0.85,online
26,2 picture book eggs easter ducks,Seasonal,1.25,online
2994,ruby drop chandelier earrings,Apparel and Accessories,3.75,online
3724,vintage enamel & crystal earrings,Apparel and Accessories,4.95,online
850,columbian  cube candle,Home Decor,0.85,online
25,2 picture book eggs easter chicks,Seasonal,1.25,online
1486,glass sphere candle stand medium,Kitchen and Dining,5.45,online
3698,vintage bead pink shade,Apparel and Accessories,1.25,online
1953,"letter ""g"" bling key ring",Apparel and Accessories,1.25,online
3515,sunset colour chunky knitted throw,Home Decor,16.95,online
1894,large blue provencal ceramic ball,Kitchen and Dining,2.1,online
2776,rectangular shaped mirror,Home Decor,1.69,online
967,decorative hanging shelving unit,Home Decor,59.95,online
363,black glass bracelet w heart charms,Kitchen and Dining,4.95,online
3651,turquoise bertie glass bead charm,Kitchen and Dining,0.85,online
3889,white/pink chick easter decoration,Seasonal,0.85,online
1643,hanging wood and felt heart,Home Decor,0.42,online
1102,easter craft ivy wreath with chick,Seasonal,1.95,online
3832,white beaded garland string 20light,Party and Festive,6.35,online
3483,steel sweetheart round table cream,"Health, Beauty & Personal Care",14.95,online
3571,teatime push down rubber,Kitchen and Dining,0.42,online
49,3 wick christmas briar candle,Seasonal,3.75,online
3010,s/2 zinc heart design planters,Garden and Outdoor,9.95,online
920,cupid scented candle in glass,"Health, Beauty & Personal Care",1.65,online
2046,magic garden felt garland,Garden and Outdoor,1.95,online
3853,white heart of glass bracelet,Kitchen and Dining,5.95,online
2584,pink heart of glass bracelet,Kitchen and Dining,5.95,online
152,amber glass/silver bracelet,Kitchen and Dining,8.95,online
1997,long silver necklace pastel flower,Apparel and Accessories,12.75,online
1521,gold/m.o.p pendant orbit necklace,Apparel and Accessories,8.5,online
3330,silver/m.o.p pendant orbit necklace,Apparel and Accessories,8.5,online
1278,floral bathroom set,"Health, Beauty & Personal Care",3.75,online
1553,green metal swinging bunny,Home Decor,0.85,online
3745,vintage notebook travelogue,Stationery and Craft,2.95,online
3367,small chunky glass roman  bowl,Kitchen and Dining,2.95,online
1474,glass chalice green  large,Kitchen and Dining,2.55,online
1517,gold teddy bear,Toys and Games,3.75,online
341,black bird garden design mug,Kitchen and Dining,1.25,online
18,15 pink fluffy chicks in box,Apparel and Accessories,2.95,online
4018,zinc heart lattice tray oval,Kitchen and Dining,5.95,online
3187,set of 6 ice cream skittles,Toys and Games,2.95,online
415,blue cushion cover with flower,Home Decor,6.95,online
2648,pink yellow patch cushion cover,Apparel and Accessories,7.65,online
110,a4 wall tidy red flowers,Home Decor,0.65,online
2467,peach knitted hen,Home Decor,1.65,online
1751,incense bazaar peach,"Health, Beauty & Personal Care",0.42,online
3608,tranquility masala incense,"Health, Beauty & Personal Care",0.21,online
2274,ocean stripe hammock,Garden and Outdoor,7.95,online
3760,vintage shells print,Stationery and Craft,6.45,online
1142,elephant clip w suction cup,Kitchen and Dining,0.42,online
694,cherry blossom decorative flask,Kitchen and Dining,3.75,online
3856,white hydrangea art flower,Home Decor,2.1,online
884,cream climbing hydranga art flower,"Health, Beauty & Personal Care",3.75,online
490,blue stones on wire for candle,Home Decor,0.21,online
603,candy heart hanging decoration,Party and Festive,1.25,online
1495,glitter heart decoration,Party and Festive,0.85,online
2594,pink jewelled photo frame,Apparel and Accessories,7.95,online
1445,gingham heart decoration,Party and Festive,0.85,online
2573,pink gauze butterfly lampshade,Apparel and Accessories,0.42,online
693,cherry blossom canvas art picture,Home Decor,7.95,online
515,botanical lavender gift wrap,Stationery and Craft,0.42,online
2655,pink/purple retro radio,Apparel and Accessories,2.95,online
2079,medium pink buddha head,Apparel and Accessories,2.95,online
2483,"pet mug, goldfish",Kitchen and Dining,0.42,online
3579,tiny crystal bracelet green,Apparel and Accessories,2.55,online
2221,necklace+bracelet pink butterfly,Apparel and Accessories,2.55,online
1744,ice cream design garden parasol,"Health, Beauty & Personal Care",7.95,online
3061,set 2 pantry design tea towels,"Health, Beauty & Personal Care",2.95,online
2123,mini jigsaw leap frog,Toys and Games,0.42,online
2088,metal rabbit ladder easter,Seasonal,0.85,online
2029,lunch box with cutlery fairy cakes,Kitchen and Dining,2.55,online
873,cotton apron pantry design,Kitchen and Dining,4.95,online
1450,girls alphabet iron on patches,Stationery and Craft,0.21,online
533,boys alphabet iron on patches,Stationery and Craft,0.21,online
3877,white travel alarm clock,Home Decor,2.55,online
1281,floral pink monster,Toys and Games,3.75,online
611,candy spot tea cosy,Kitchen and Dining,3.35,online
1747,icon mug revolutionary,Kitchen and Dining,1.25,online
122,"acrylic jewel snowflake, pink",Apparel and Accessories,2.1,online
2681,"pocket mirror ""glamorous""",Home Decor,1.25,online
3843,white enamel flower hair tie,Apparel and Accessories,2.95,online
1536,green enamel flower hair tie,Apparel and Accessories,2.95,online
570,butterfly hair band,Apparel and Accessories,2.55,online
1259,fire polished glass bracelet black,Kitchen and Dining,3.75,online
446,blue murano twist bracelet,Apparel and Accessories,4.25,online
1787,jade crystal+glass bracelet,Kitchen and Dining,4.95,online
2995,ruby glass cluster bracelet,Kitchen and Dining,5.95,online
2102,midnight blue glass/silver bracelet,Kitchen and Dining,8.95,online
2380,painted sea shell metal windchime,Garden and Outdoor,3.75,online
1316,folding shoe tidy,Apparel and Accessories,2.95,online
2035,madras notebook medium,Stationery and Craft,2.55,online
3467,square metal candleholder base,Home Decor,0.85,online
232,assorted tutti frutti keyring ball,Apparel and Accessories,0.85,online
2032,m/colour pom-pom curtain,Home Decor,4.25,online
344,black cherry lights,Home Decor,6.75,online
875,cracked glaze earrings brown,Apparel and Accessories,2.55,online
385,black vintage  crystal earrings,Apparel and Accessories,3.75,online
349,black crystal drop earrings,Apparel and Accessories,2.95,online
3880,white vintage crystal earrings,Apparel and Accessories,3.75,online
3878,white vint art deco crystal necklac,Apparel and Accessories,8.5,online
384,black vint art dec crystal necklace,Apparel and Accessories,8.5,online
2234,new baroque small necklace black,Apparel and Accessories,8.5,online
3525,sweetheart carry-all basket,Home Decor,8.5,online
1980,lilac gauze butterfly lampshade,Home Decor,0.42,online
2654,pink/purple circle curtain,Apparel and Accessories,4.65,online
1432,giant medina stamped metal bowl,Kitchen and Dining,9.95,online
2569,pink flowers rabbit easter,Seasonal,2.95,online
2734,purple amethyst necklace w tassel,Apparel and Accessories,9.95,online
506,blue/nat shell necklace w pendant,Apparel and Accessories,5.95,online
3332,silver/nat shell necklace w pendant,Apparel and Accessories,5.95,online
3313,silver m.o.p orbit drop earrings,Apparel and Accessories,4.25,online
1251,filigree diamante earrings,Apparel and Accessories,4.25,online
1788,jade drop earrings w filigree,Apparel and Accessories,4.95,online
1525,grass hopper wooden wall clock,Home Decor,5.95,online
1778,ivory string curtain with pole,Apparel and Accessories,5.95,online
2636,pink square table clock,Apparel and Accessories,2.55,online
2601,pink monte carlo handbag,Apparel and Accessories,8.5,online
2549,pink disco handbag,Apparel and Accessories,5.95,online
2212,musical zinc heart decoration,Party and Festive,0.85,online
2922,retrospot wooden heart decoration,Party and Festive,0.85,online
1631,hanging metal chicken decoration,Party and Festive,1.25,online
2400,pantry scrubbing brush,"Health, Beauty & Personal Care",1.65,online
1625,hanging heart with bell,Home Decor,1.25,online
3170,set of 4 pantry jelly moulds,Kitchen and Dining,1.25,online
3610,travel card wallet flower meadow,Apparel and Accessories,0.42,online
3613,travel card wallet pantry,Kitchen and Dining,0.42,online
3616,travel card wallet skulls,Apparel and Accessories,0.42,online
3621,travel card wallet vintage rose,Apparel and Accessories,0.42,online
3618,travel card wallet transport,Apparel and Accessories,0.42,online
3615,travel card wallet retrospot,Kitchen and Dining,0.42,online
3612,travel card wallet keep calm,Apparel and Accessories,0.42,online
1449,giraffe wooden ruler,Stationery and Craft,1.95,online
2923,revolver wooden ruler,Stationery and Craft,1.95,online
2719,potting shed rose candle,Kitchen and Dining,2.95,online
2899,"retro pill box , revolutionary",Home Decor,0.18,online
3614,travel card wallet retro petals,Apparel and Accessories,0.36,online
3617,travel card wallet suki,Toys and Games,0.36,online
3622,travel card wallet vintage ticket,Apparel and Accessories,0.36,online
2399,pantry rolling pin,Kitchen and Dining,3.75,online
3619,travel card wallet union jack,Apparel and Accessories,0.42,online
3611,travel card wallet i love london,Apparel and Accessories,0.42,online
2906,"retro tin ashtray,revolutionary",Kitchen and Dining,0.65,online
1365,french floral cushion cover,Home Decor,2.95,online
1410,fuschia table run flower,Home Decor,3.75,online
1075,dotcomgiftshop tea towel,Administrative,1.65,online
715,childrens cutlery polkadot blue,Toys and Games,4.15,online
717,childrens cutlery polkadot pink,Toys and Games,4.15,online
3011,s/3 pink square planters roses,Garden and Outdoor,10.95,online
2754,purple/copper hanging lampshade,Home Decor,0.85,online
502,blue white plastic rings lampshade,Apparel and Accessories,0.85,online
1509,gold m.o.p orbit drop earrings,Apparel and Accessories,4.25,online
3879,white vintage crystal bracelet,Apparel and Accessories,6.75,online
3308,silver lariat 40cm,Apparel and Accessories,12.75,online
2226,new baroque b'fly necklace crystal,Apparel and Accessories,8.5,online
1464,glass bead hoop necklace amethyst,Kitchen and Dining,8.5,online
3294,silver bracelet w pastel flower,Apparel and Accessories,7.5,online
2227,new baroque b'fly necklace green,Apparel and Accessories,8.5,online
2099,midnight blue copper flower necklac,Apparel and Accessories,5.95,online
862,copper/olive green flower necklace,Apparel and Accessories,5.95,online
2767,raspberry ant copper flower necklac,Apparel and Accessories,5.95,online
1466,glass bead hoop necklace green,Kitchen and Dining,8.5,online
1467,glass bead hoop necklace montana,Kitchen and Dining,8.5,online
2519,pink and black string curtain,Apparel and Accessories,5.95,online
2311,pack 20 dolly pegs,Toys and Games,0.72,online
3536,swiss roll towel pink  spots,"Health, Beauty & Personal Care",2.95,online
2023,lunch bag suki design,Toys and Games,1.65,online
718,childrens cutlery retrospot red,Toys and Games,4.15,online
716,childrens cutlery polkadot green,Toys and Games,4.15,online
1538,green enamel+glass hair comb,"Health, Beauty & Personal Care",1.75,online
1548,green heart compact mirror,Home Decor,1.25,online
3942,woven berries cushion cover,Kitchen and Dining,4.95,online
3547,t-light holder white lace,Home Decor,0.85,online
3033,scallop shell soap dish,"Health, Beauty & Personal Care",2.1,online
1653,heart buttons jewellery box,Apparel and Accessories,7.65,online
2640,pink string curtain with pole,Apparel and Accessories,5.95,online
3593,top secret pen set,Apparel and Accessories,1.25,online
1947,"letter ""a"" bling key ring",Apparel and Accessories,1.25,online
2225,necklace+bracelet set pink daisy,Apparel and Accessories,2.55,online
2222,necklace+bracelet set blue blossom,Apparel and Accessories,2.55,online
3268,set/6 posies paper cups,Kitchen and Dining,0.65,online
1829,jumbo bag scandinavian blue paisley,Apparel and Accessories,1.95,online
2540,pink chrysanthemums art flower,Apparel and Accessories,2.1,online
3481,starfish soap dish,"Health, Beauty & Personal Care",2.55,online
2626,pink riviera handbag,Apparel and Accessories,5.95,online
308,best dad candle letters,Home Decor,0.85,online
1580,groovy cactus inflatable,Home Decor,0.85,online
1680,heavens scent fragrance oils asstd,"Health, Beauty & Personal Care",0.29,online
3402,small single flame candle holder,Home Decor,0.35,online
2562,pink felt hanging heart w flower,Apparel and Accessories,0.85,online
289,beach hut shelf w 3 drawers,Home Decor,5.95,online
1404,funky monkey cushion cover,Home Decor,0.85,online
2735,purple anemone artificial flower,Home Decor,1.69,online
3827,white allium  artificial flower,Home Decor,1.69,online
2572,pink foxglove artiifcial flower,Apparel and Accessories,2.55,online
2152,mirrored dove wall decoration,Party and Festive,2.1,online
3589,toilet sign occupied or vacant,"Health, Beauty & Personal Care",0.83,online
3361,small blue provencal ceramic ball,Kitchen and Dining,1.65,online
2401,pantry washing up brush,"Health, Beauty & Personal Care",1.45,online
3626,treasure island book box,Stationery and Craft,2.25,online
551,buffalo bill treasure book box,Stationery and Craft,2.25,online
1590,gymkhanna treasure book box,Stationery and Craft,2.25,online
111,abc treasure book box,Stationery and Craft,2.25,online
2398,pantry pastry brush,"Health, Beauty & Personal Care",1.25,online
1020,dollcraft girl amelie kit,Toys and Games,4.95,online
1021,dollcraft girl nicole,Toys and Games,4.95,online
830,clear stationery box set,Stationery and Craft,0.85,online
1241,feltcraft girl nicole kit,Toys and Games,4.95,online
3945,woven frost cushion cover,Kitchen and Dining,4.95,online
1230,feltcraft boy jean-paul kit,Toys and Games,4.95,online
1240,feltcraft girl amelie kit,Toys and Games,4.95,online
1589,gymkhana treasure book box,Stationery and Craft,2.25,online
2191,mother's kitchen spoon rest,Toys and Games,3.75,online
832,clock magnet mum's kitchen,Toys and Games,2.89,online
1790,jam clock magnet,Kitchen and Dining,2.89,online
2391,pantry apple corer,Kitchen and Dining,1.45,online
2516,pink & white rosebud ring,Apparel and Accessories,4.25,online
3885,white with black cats plate,Kitchen and Dining,0.85,online
2207,mum's kitchen clock,Toys and Games,4.95,online
225,assorted mini madras notebook,Stationery and Craft,1.25,online
3648,turq pendant triple shell necklace,Apparel and Accessories,4.95,online
1557,green pendant triple shell necklace,Apparel and Accessories,4.95,online
354,black drop earrings w long beads,Apparel and Accessories,2.95,online
447,blue murano twist necklace,Apparel and Accessories,9.95,online
2781,recycled acapulco mat red,Apparel and Accessories,8.25,online
2780,recycled acapulco mat pink,Apparel and Accessories,8.25,online
2779,recycled acapulco mat lavender,Apparel and Accessories,8.25,online
2778,recycled acapulco mat green,Apparel and Accessories,8.25,online
2782,recycled acapulco mat turquoise,Apparel and Accessories,8.25,online
2777,recycled acapulco mat blue,Apparel and Accessories,8.25,online
3016,"s/4 icon coaster,elvis lives",Kitchen and Dining,1.25,online
1018,dollcraft boy jean-paul,Toys and Games,4.95,online
1375,french style storage jar jam,Kitchen and Dining,1.25,online
553,bull dog bottle opener,Kitchen and Dining,4.95,online
2543,pink crystal guitar phone charm,Apparel and Accessories,0.85,online
358,black feather christmas decoration,Seasonal,0.19,online
2744,purple foxglove artiifcial flower,Apparel and Accessories,2.55,online
2210,murano style glass bracelet gold,Kitchen and Dining,3.5,online
1457,glass and painted beads bracelet ol,Kitchen and Dining,3.75,online
1456,glass and beads bracelet ivory,Kitchen and Dining,3.75,online
1962,"letter ""p"" bling key ring",Apparel and Accessories,1.25,online
2160,mirrored wall art splodges,Home Decor,3.75,online
3994,yellow felt hanging heart w flower,Home Decor,0.85,online
2755,purple/turq flowers handbag,Apparel and Accessories,1.25,online
900,crochet rose des clothes hanger,Home Decor,2.95,online
440,blue hole punch,Stationery and Craft,1.25,online
247,baby mouse red gingham dress,Apparel and Accessories,4.25,online
554,bull dog bottle top wall clock,Kitchen and Dining,8.25,online
1373,french style storage jar bonbons,Kitchen and Dining,1.25,online
1019,dollcraft girl amelie,Toys and Games,4.95,online
1374,french style storage jar cafe,Kitchen and Dining,1.25,online
3005,"rustic wooden cabinet, glass doors",Kitchen and Dining,24.95,online
4001,yellow/blue retro radio,Home Decor,2.95,online
2900,"retro pill box key chain,the king",Apparel and Accessories,0.19,online
1736,i love london baby gift set,Stationery and Craft,14.95,online
3439,spaceboy baby gift set,Toys and Games,14.95,online
1024,dolly girl baby gift set,Toys and Games,14.95,online
609,candy spot hand bag,Kitchen and Dining,2.1,online
798,circus parade baby gift set,Stationery and Craft,14.95,online
695,cherry blossom luggage tag,Apparel and Accessories,1.25,online
1184,english rose notebook a6 size,Stationery and Craft,0.65,online
2463,pastel pink photo album,Apparel and Accessories,0.5,online
2786,red  egg  spoon,Kitchen and Dining,0.12,online
1681,hello sailor bathroom set,"Health, Beauty & Personal Care",3.75,online
434,blue glass gems in bag,Kitchen and Dining,0.64,online
1684,hen house w chick in nest,Home Decor,0.42,online
3955,wrap bad hair day,Apparel and Accessories,0.1,online
356,black enamel flower ring,Apparel and Accessories,2.95,online
116,acrylic geometric lamp,Home Decor,18.95,online
2500,piece of camo stationery set,Stationery and Craft,0.21,online
3896,wine bottle dressing lt.blue,Kitchen and Dining,0.29,online
3099,set of 16 vintage ivory cutlery,Kitchen and Dining,12.75,online
1921,large skull windmill,Toys and Games,2.1,online
3944,woven candy cushion cover,Kitchen and Dining,4.95,online
1843,jungle popsicles ice lolly moulds,Kitchen and Dining,1.25,online
2633,pink small glass cake stand,Kitchen and Dining,1.95,online
1274,flag of st george chair,Party and Festive,5.95,online
463,blue polkadot beaker,Kitchen and Dining,0.39,online
185,antique silver t-light glass,Kitchen and Dining,1.06,online
2285,orange flower mug,Kitchen and Dining,0.39,online
3998,yellow pink flower design big bowl,Kitchen and Dining,0.39,online
1359,french chateau oval platter,Kitchen and Dining,1.95,online
227,assorted sanskrit mini notebook,Stationery and Craft,1.25,online
428,blue flower des purse,Apparel and Accessories,1.25,online
1144,elvis wallhanging / curtain,Home Decor,1.25,online
314,big polkadot mug,Kitchen and Dining,0.39,online
1296,"flower glass garld neckl36""turquois",Kitchen and Dining,7.95,online
2812,red kukui coconut seed necklace,Garden and Outdoor,5.95,online
2649,pink/amethyst/gold necklace,Apparel and Accessories,6.95,online
213,assorted colour silk glasses case,Kitchen and Dining,2.1,online
1077,doughnut lip gloss,"Health, Beauty & Personal Care",1.25,online
1746,ice cream sundae lip gloss,"Health, Beauty & Personal Care",1.25,online
1745,ice cream pen lip gloss,"Health, Beauty & Personal Care",1.25,online
2282,open closed metal sign,Stationery and Craft,4.95,online
3895,wine bottle dressing dark blue,Kitchen and Dining,0.29,online
897,crochet bear red/blue  keyring,Apparel and Accessories,1.65,online
2582,pink hawaiian picnic hamper for 2,Garden and Outdoor,12.75,online
1208,fan black frame,Apparel and Accessories,0.29,online
2718,potting shed candle citronella,Kitchen and Dining,3.21,online
3956,wrap billboard fonts design,Stationery and Craft,0.42,online
3178,set of 5 pancake day magnets,Kitchen and Dining,2.08,online
3155,set of 4 jam jar magnets,Kitchen and Dining,2.08,online
3177,set of 5 mini grocery magnets,Home Decor,2.08,online
1871,knickerbockerglory magnet assorted,Home Decor,0.83,online
2319,pack 4 flower/butterfly patches,Stationery and Craft,1.25,online
3176,set of 5 lucky cat magnets,Home Decor,1.85,online
1799,jardin etched glass large bell jar,Kitchen and Dining,12.75,online
2208,mummy mouse red gingham ribbon,Party and Festive,5.45,online
1360,french chateau small fruitbowl,Kitchen and Dining,1.95,online
1357,french chateau large fruit bowl,Kitchen and Dining,1.95,online
172,antique cream cutlery cupboard,"Health, Beauty & Personal Care",12.75,online
1192,envelope 50 romantic images,Stationery and Craft,0.85,online
2630,pink rosebud pearl bracelet,Apparel and Accessories,7.5,online
2602,pink murano twist necklace,Apparel and Accessories,9.95,online
1555,green murano twist necklace,Apparel and Accessories,9.95,online
1526,green  diamante pen in gift box,Stationery and Craft,4.95,online
3959,wrap carousel,Stationery and Craft,0.42,online
2223,necklace+bracelet set blue hibiscus,Apparel and Accessories,2.55,online
2284,orange felt vase + flowers,Home Decor,1.25,online
3189,set of 6 nativity magnets,Home Decor,2.08,online
3328,silver/black orbit necklace,Apparel and Accessories,9.95,online
3691,vintage bead cosmetic bag,"Health, Beauty & Personal Care",3.35,online
1165,enamel blue rim tea container,Kitchen and Dining,0.83,online
288,beach hut mirror,Home Decor,4.25,online
2145,mirror mosaic candle plate,Kitchen and Dining,1.45,online
1687,hen house with chick standing,Home Decor,0.42,online
372,black photo album,Home Decor,0.5,online
3642,tumbler baroque,Kitchen and Dining,0.39,online
1522,goldie looking mirror,Home Decor,4.95,online
2631,pink round compact mirror,Apparel and Accessories,1.25,online
489,blue square compact mirror,Home Decor,1.25,online
2147,mirror mosaic hurricane lamp,Home Decor,6.75,online
963,decoration wobbly chicken,Party and Festive,1.65,online
964,decoration wobbly rabbit metal,Party and Festive,1.65,online
3568,teatime funky flower backpack for 2,Kitchen and Dining,16.95,online
714,childrens cutlery dolly girl,Toys and Games,4.15,online
719,childrens cutlery spaceboy,Toys and Games,4.15,online
2228,new baroque b'fly necklace pink,Apparel and Accessories,8.5,online
713,childrens cutlery circus parade,Toys and Games,4.15,online
3643,tumbler new england,Kitchen and Dining,0.39,online
516,botanical lily gift wrap,Stationery and Craft,0.42,online
182,antique opal white flower earrings,Apparel and Accessories,4.25,online
274,baroque butterfly earrings black,Apparel and Accessories,3.75,online
2185,mop pendant shell necklace,Apparel and Accessories,4.95,online
4002,yellow/orange flower design plate,Kitchen and Dining,0.29,online
691,charlotte bag vintage alphabet,Apparel and Accessories,0.85,online
1818,jumbo bag alphabet,Apparel and Accessories,2.08,online
2011,lunch bag alphabet design,Apparel and Accessories,1.65,online
1819,jumbo bag apples,Apparel and Accessories,2.08,online
2012,lunch bag apple design,Apparel and Accessories,1.65,online
687,charlotte bag apples design,Apparel and Accessories,0.85,online
686,charlotte bag alphabet  design,Apparel and Accessories,0.85,online
1857,kids cutlery spaceboy,Toys and Games,4.15,online
1856,kids cutlery dolly girl,Toys and Games,4.15,online
2026,lunch bag vintage leaf design,Apparel and Accessories,1.65,online
1649,hardman mug 3 assorted,Kitchen and Dining,0.39,online
3009,s/2 beach hut treasure chests,Home Decor,5.95,online
453,blue padded soft mobile,Home Decor,4.25,online
2559,pink feathers curtain,Apparel and Accessories,1.25,online
3943,woven bubble gum cushion cover,Kitchen and Dining,4.95,online
3946,woven rose garden cushion cover,Kitchen and Dining,4.95,online
3947,woven sunset cushion cover,Kitchen and Dining,4.95,online
2370,pads to match all cushions,Home Decor,0.001,online
3470,squarecushion cover pink union jack,Apparel and Accessories,6.75,online
30,3 birds canvas screen,Home Decor,1.65,online
1906,large deco jewellery stand,Apparel and Accessories,12.5,online
2461,pastel blue photo album,Home Decor,0.5,online
1652,heart beaded trellis decoration,Party and Festive,2.08,online
1428,gemstone chandelier t-light holder,Home Decor,4.15,online
290,beaded chandelier t-light holder,Home Decor,4.95,online
3368,small deco jewellery stand,Apparel and Accessories,8.25,online
143,aluminium stamped heart,Stationery and Craft,2.49,online
1076,double ceramic parlour hook,Home Decor,4.15,online
4025,zinc sweetheart wire letter rack,Home Decor,3.75,online
2438,parlour ceramic wall hook,Home Decor,4.15,online
1430,georgian trinket box,Home Decor,12.5,online
902,crochet white rabbit keyring,Apparel and Accessories,1.65,online
3095,set of 12 rose botanical t-lights,Home Decor,2.95,online
406,blue cat biscuit barrel pink heart,Apparel and Accessories,1.95,online
3632,triple hook antique ivory rose,Home Decor,3.29,online
3723,vintage embossed heart,Stationery and Craft,1.25,online
1519,gold wine goblet,Kitchen and Dining,0.79,online
1500,gold aperitif glass,Kitchen and Dining,0.39,online
1756,ivory chandelier t-light holder,Home Decor,6.25,online
1303,flowers chandelier t-light holder,Home Decor,6.25,online
3634,triple wire hook ivory heart,Home Decor,4.15,online
3635,triple wire hook pink heart,Apparel and Accessories,4.15,online
3411,small zinc heart wall organiser,Home Decor,5.75,online
3379,small ivory heart wall organiser,Home Decor,5.75,online
2063,marie antoienett trinket box gold,Home Decor,12.5,online
1780,ivory sweetheart wire letter rack,Home Decor,3.75,online
1929,large zinc heart wall organiser,Home Decor,7.05,online
1909,large ivory heart wall organiser,Home Decor,7.05,online
99,60 gold and silver fairy cake cases,Kitchen and Dining,0.55,online
3334,single antique rose hook ivory,Home Decor,1.45,online
2137,miniature antique rose hook ivory,Toys and Games,0.83,online
4028,zinc t-light holder stars small,Home Decor,0.72,online
1784,ivory wire kitchen organiser,Toys and Games,10.4,online
1785,ivory wire sweetheart letter tray,Kitchen and Dining,3.75,online
3337,single wire hook pink heart,Apparel and Accessories,1.45,online
3336,single wire hook ivory heart,Home Decor,1.45,online
1779,ivory sweetheart soap dish,"Health, Beauty & Personal Care",2.49,online
4026,zinc t-light holder star large,Home Decor,0.95,online
21,16 piece cutlery set pantry design,Kitchen and Dining,15.95,online
4032,zinc wire sweetheart letter tray,Kitchen and Dining,3.75,online
2374,painted lightbulb rainbow design,Garden and Outdoor,0.42,online
1981,lilac votive candle,Home Decor,0.21,online
3569,teatime gel pens asst,"Health, Beauty & Personal Care",0.42,online
2290,orange/wht/fuschia stones necklace,Apparel and Accessories,4.95,online
3890,white/pink mini crystals necklace,Apparel and Accessories,4.95,online
872,cote d'azure necklace,Apparel and Accessories,4.95,online
3825,white  rosebud pearl bracelet,Apparel and Accessories,7.5,online
2629,pink rosebud & pearl necklace,Apparel and Accessories,7.5,online
3864,white rosebud & pearl necklace,Apparel and Accessories,7.5,online
3472,st tropez necklace,Apparel and Accessories,4.95,online
2943,riviera necklace,Apparel and Accessories,4.95,online
878,cracked glaze necklace red,Apparel and Accessories,6.95,online
1125,edwardian photo frame,Home Decor,6.25,online
2066,maxwell 2 tone blue 60 page photo a,Home Decor,0.5,online
2167,mistletoe heart wreath cream,"Health, Beauty & Personal Care",4.15,online
1618,hanging engraved metal heart,Home Decor,4.15,online
494,blue table run flower,Home Decor,1.25,online
492,blue stripes shoulder bag,Apparel and Accessories,0.83,online
408,blue check bag w handle 34x20cm,Administrative,0.83,online
1930,laser cut multi strand necklace,Apparel and Accessories,11.95,online
2880,regency sugar tongs,Kitchen and Dining,2.49,online
1054,doormat keep calm and come in,Home Decor,6.75,online
1067,doormat vintage leaves design,Stationery and Craft,7.95,online
1537,green enamel flower ring,Apparel and Accessories,2.95,online
2799,red enamel flower ring,Apparel and Accessories,2.95,online
2742,purple enamel flower ring,Apparel and Accessories,2.95,online
652,cd wall tidy blue office,Home Decor,0.36,online
2885,regency tea strainer,Kitchen and Dining,3.75,online
3412,small zinc/glass candleholder,Kitchen and Dining,1.25,online
1506,gold flower cushion cover,Home Decor,1.95,online
3088,set of 10 lanterns fairy light star,Home Decor,4.15,online
2420,paper lantern 7 point snow star,Stationery and Craft,6.65,online
2426,paper lantern 9 point snow star,Stationery and Craft,4.15,online
796,cinderella chandelier,Home Decor,49.95,online
391,bling key ring stand,Apparel and Accessories,1.25,online
2168,mistletoe heart wreath green,Home Decor,4.15,online
3826,white 3 frame birds and tree,Home Decor,21.95,online
1368,french lattice cushion cover,Home Decor,0.83,online
3984,wrap summer rose design,Stationery and Craft,0.42,online
2884,regency tea spoon,Kitchen and Dining,1.04,online
2874,regency cake fork,Kitchen and Dining,1.04,online
2875,regency cake slice,Kitchen and Dining,4.15,online
179,antique ivory wire bowl small,Kitchen and Dining,2.49,online
2138,miniture antique rose hook ivory,Home Decor,0.85,online
2564,pink flock photo frame,Apparel and Accessories,1.25,online
4031,zinc wire kitchen organiser,Toys and Games,10.4,online
1335,food cover with beads set 2,Kitchen and Dining,3.75,online
3461,spotty bunting,Party and Festive,4.95,online
1120,edwardian heart photo frame,Home Decor,4.15,online
4024,zinc sweetheart soap dish,"Health, Beauty & Personal Care",2.49,online
913,crystal stud earrings clear display,Toys and Games,0.38,online
2423,paper lantern 9 point holly star 40,Stationery and Craft,6.25,online
2417,paper lantern 5 point star moon 30,Stationery and Craft,4.15,online
2419,paper lantern 6 point snow star,Stationery and Craft,4.15,online
2520,pink and white christmas tree 120cm,Seasonal,2.95,online
564,"bunting , spotty",Party and Festive,4.15,online
2692,polyester filler pad 60x40cm,Home Decor,2.55,online
419,blue disco handbag,Apparel and Accessories,1.95,online
2014,lunch bag doiley pattern,"Health, Beauty & Personal Care",1.65,online
1825,jumbo bag pears,Apparel and Accessories,2.08,online
1821,jumbo bag doiley patterns,"Health, Beauty & Personal Care",2.08,online
2182,montana diamond cluster earrings,Apparel and Accessories,2.55,online
2064,marie antoinette trinket box gold,Home Decor,12.5,online
2065,marie antoinette trinket box silver,Home Decor,12.5,online
1837,jumbo bag vintage leaf,Apparel and Accessories,2.08,online
2424,paper lantern 9 point holly star l,Stationery and Craft,6.25,online
2421,paper lantern 9 point deluxe star,Stationery and Craft,6.65,online
2415,paper lantern 5 point sequin star,Stationery and Craft,5.75,online
2425,paper lantern 9 point holly star s,Stationery and Craft,4.15,online
2422,paper lantern 9 point holly star 23,Stationery and Craft,4.15,online
2418,paper lantern 5 point studded star,Stationery and Craft,5.75,online
1334,"food cover with beads , set 2 sizes",Kitchen and Dining,3.75,online
2768,rasta in bath w spliff ashtray,"Health, Beauty & Personal Care",0.85,online
1291,flower garland necklace red,Party and Festive,7.95,online
1776,ivory shell heart earrings,Apparel and Accessories,2.55,online
3649,turq stone/crystal earrings,Apparel and Accessories,2.95,online
1293,"flower glass garland neckl.36""blue",Party and Festive,7.95,online
1310,folding butterfly mirror ivory,Home Decor,0.83,online
1309,folding butterfly mirror hot pink,Apparel and Accessories,0.83,online
558,bundle of 3 school exercise books,Stationery and Craft,1.65,online
557,bundle of 3 retro note books,Stationery and Craft,1.65,online
1547,green goose feather tree 60cm,Home Decor,1.95,online
2577,pink goose feather tree 60cm,Apparel and Accessories,1.95,online
3848,white goose feather tree 60cm,Home Decor,1.95,online
556,bundle of 3 retro exercise books,Stationery and Craft,1.65,online
2877,regency milk jug pink,Kitchen and Dining,3.25,online
2879,regency sugar bowl green,Kitchen and Dining,4.15,online
2886,regency teapot roses,Kitchen and Dining,8.15,online
2882,regency tea plate pink,Kitchen and Dining,1.65,online
2881,regency tea plate green,Kitchen and Dining,1.65,online
2883,regency tea plate roses,Kitchen and Dining,1.65,online
1551,green metal box army supplies,Home Decor,8.25,online
2762,rabbit night light,Home Decor,2.08,online
1311,folding butterfly mirror red,Home Decor,0.83,online
2435,parisienne jewellery drawer,Apparel and Accessories,7.5,online
2484,petit tray chic,Kitchen and Dining,1.65,online
4020,zinc herb garden container,Garden and Outdoor,6.25,online
1942,le grand tray chic set,Kitchen and Dining,12.5,online
3089,set of 10 led dolly lights,Toys and Games,6.25,online
2815,red metal box top secret,Apparel and Accessories,8.25,online
1552,green metal box top secret,Apparel and Accessories,8.25,online
2436,parisienne key cabinet,Home Decor,5.75,online
555,bundle of 3 alphabet exercise books,Stationery and Craft,1.65,online
3290,silver bells table decoration,Party and Festive,1.25,online
3305,silver hearts table decoration,Party and Festive,0.83,online
3726,vintage engraved heart,Stationery and Craft,1.25,online
3082,set 6 paper table lantern hearts,Stationery and Craft,3.75,online
1304,flowers handbag blue and orange,Apparel and Accessories,1.25,online
3385,small parisienne heart photo frame,Home Decor,2.49,online
1313,folding mirror hot pink,Apparel and Accessories,0.83,online
1945,led tea lights,Kitchen and Dining,2.49,online
305,bell heart decoration,Party and Festive,1.65,online
142,aluminium heart,Home Decor,2.49,online
903,crystal chandelier t-light holder,Home Decor,6.25,online
2434,parisienne curio cabinet,Home Decor,7.5,online
2437,parisienne sewing box,Stationery and Craft,12.5,online
3580,toadstool bedside light,Garden and Outdoor,8.95,online
3364,small ceramic top storage jar,Kitchen and Dining,0.69,online
1768,ivory pantry hanging lamp,Kitchen and Dining,12.5,online
819,classic sugar dispenser,Kitchen and Dining,1.25,online
1928,large zinc glass candleholder,Kitchen and Dining,2.1,online
2166,miseltoe heart wreath white,Home Decor,3.75,online
2164,miseltoe heart wreath,Home Decor,3.75,online
817,classic glass sweet jar,Kitchen and Dining,4.15,online
1902,large ceramic top storage jar,Kitchen and Dining,1.45,online
1910,large jewellery stand,Apparel and Accessories,12.5,online
3380,small jewellery stand,Apparel and Accessories,8.25,online
3323,silver stars table decoration,Party and Festive,0.83,online
1470,glass bon bon jar,Kitchen and Dining,1.65,online
3884,white wire plant pot holder,Kitchen and Dining,2.89,online
816,classic glass cookie jar,Kitchen and Dining,4.15,online
1260,fire polished glass bracelet green,Kitchen and Dining,3.75,online
1261,fire polished glass bracelet montan,Kitchen and Dining,3.75,online
1262,fire polished glass bracelet red,Kitchen and Dining,3.75,online
808,classic cafe sugar dispenser,Kitchen and Dining,1.25,online
1812,jingle bell heart decoration,Party and Festive,1.65,online
4019,zinc hearts plant pot holder,Kitchen and Dining,2.89,online
3854,white hearts wire plant pot holder,Kitchen and Dining,2.89,online
4008,zinc  heart t-light holder,Home Decor,1.25,online
4013,zinc heart flower t-light holder,Home Decor,1.25,online
2086,metal herb gerden container,Garden and Outdoor,6.25,online
4022,zinc plant pot holder,Kitchen and Dining,2.89,online
1314,folding mirror ivory,Home Decor,0.83,online
1315,folding mirror red,Home Decor,0.83,online
2469,"pearl & shell 42""neckl. ivory",Apparel and Accessories,10.75,online
1420,gardeners kneeling pad keep calm,Garden and Outdoor,1.65,online
1419,gardeners kneeling pad cup of tea,Kitchen and Dining,1.45,online
1870,kneeling mat housework  design,Home Decor,1.65,online
1187,english rose scented hanging heart,"Health, Beauty & Personal Care",4.25,online
3728,vintage glass t-light holder,Kitchen and Dining,0.83,online
3083,set 6 paper table lantern stars,Stationery and Craft,3.75,online
1891,large antique white photo frame,Home Decor,7.9,online
184,antique silver bauble lamp,Home Decor,10.4,online
1356,french carriage lantern,Administrative,6.65,online
4009,zinc  star t-light holder,Home Decor,1.25,online
3870,white square table clock,Home Decor,2.55,online
1969,"letter ""y"" bling key ring",Apparel and Accessories,1.25,online
1403,funky flower picnic bag for 4,Garden and Outdoor,16.95,online
954,dark bird house tree decoration,Party and Festive,0.85,online
2204,multicolour polkadot plate,Kitchen and Dining,0.85,online
3049,set 10 night owl lights,Home Decor,6.75,online
1668,heart shaped holly wreath,Home Decor,4.15,online
417,blue delphinium artificial flower,Home Decor,2.95,online
1755,ivory cafe hanging lamp,Home Decor,12.5,online
2555,pink enamel flower hair tie,Apparel and Accessories,2.95,online
2817,red peony cushion cover,Home Decor,4.65,online
1558,green peony cushion cover,Home Decor,4.65,online
826,clear crystal star phone charm,Apparel and Accessories,0.85,online
911,crystal stiletto phone charm,Apparel and Accessories,0.85,online
3301,silver flowr pink shell necklace,Apparel and Accessories,7.5,online
3298,silver drop earrings with flower,Apparel and Accessories,3.75,online
1567,green vintage earrings,Apparel and Accessories,3.75,online
877,cracked glaze necklace ivory,Apparel and Accessories,6.95,online
1770,ivory pendant triple shell necklace,Apparel and Accessories,4.95,online
4027,zinc t-light holder stars large,Home Decor,0.95,online
20,16 pc cutlery set pantry design,Kitchen and Dining,15.95,online
618,capiz chandelier,Apparel and Accessories,29.95,online
2470,pearl and cherry quartz braclet,Apparel and Accessories,3.5,online
1252,filigree heart bird white,Home Decor,1.25,online
1253,filigree heart butterfly white,Home Decor,1.25,online
4023,zinc star t-light holder,Home Decor,1.25,online
144,amber bertie glass bead bag charm,Kitchen and Dining,2.1,online
2238,next day carriage,Administrative,15.0,online
961,decoration sitting bunny,Party and Festive,0.85,online
697,cherry blossom purse,Apparel and Accessories,2.95,online
1254,filigree heart daisy white,Home Decor,1.25,online
2606,pink oval shape trinket box,Apparel and Accessories,9.95,online
673,champagne tray blank card,Kitchen and Dining,0.19,online
1810,jingle bell heart antique gold,Home Decor,2.08,online
1811,jingle bell heart antique silver,Home Decor,2.08,online
986,diamante hair grip pack/2 lt rose,Apparel and Accessories,1.65,online
2384,pair of pink flower cluster slide,Apparel and Accessories,2.55,online
3862,white rocking horse hand painted,Toys and Games,1.25,online
3480,star wreath decoration with bell,Party and Festive,1.25,online
1676,heart wreath decoration with bell,Party and Festive,1.25,online
1935,laurel star antique silver,Home Decor,1.25,online
700,cherub heart decoration gold,Party and Festive,0.83,online
2888,reindeer heart decoration silver,Seasonal,0.83,online
2857,red rocking horse hand painted,Toys and Games,1.04,online
1932,laurel heart antique gold,Home Decor,1.04,online
1933,laurel heart antique silver,Home Decor,1.04,online
701,cherub heart decoration silver,Party and Festive,0.72,online
3127,set of 3 hanging owls ollie beak,Home Decor,1.25,online
3134,set of 3 wooden heart decorations,Party and Festive,1.25,online
2416,paper lantern 5 point star moon,Stationery and Craft,4.15,online
3206,set of 60 i love london cake cases,Kitchen and Dining,0.55,online
3184,set of 6 halloween ghost t-lights,Seasonal,0.42,online
3106,set of 2 ceramic painted hearts,Home Decor,1.45,online
906,crystal diamante star brooch,Apparel and Accessories,4.95,online
1502,gold diamante star brooch,Apparel and Accessories,4.95,online
2650,pink/blue disc/mirror string,Apparel and Accessories,0.85,online
3207,set of 60 pantry design cake cases,Kitchen and Dining,0.55,online
3139,set of 36 doilies pantry design,"Health, Beauty & Personal Care",1.45,online
3208,set of 60 vintage leaf cake cases,Kitchen and Dining,0.55,online
1672,heart t-light holder willie winkie,Home Decor,1.65,online
3478,star t-light holder willie winkie,Home Decor,1.65,online
3079,set 4 valentine decoupage heart box,Seasonal,2.95,online
121,"acrylic jewel icicle, pink",Apparel and Accessories,0.38,online
3970,wrap gingham rose,Stationery and Craft,0.42,online
2159,mirrored wall art snowflakes,Home Decor,0.75,online
2695,pop art push down rubber,Stationery and Craft,0.12,online
1951,"letter ""e"" bling key ring",Apparel and Accessories,1.25,online
3844,white frangipani hair clip,Kitchen and Dining,0.85,online
3157,set of 4 knick knack tins doiley,"Health, Beauty & Personal Care",4.15,online
3161,set of 4 knick knack tins london,Home Decor,4.15,online
3218,set of tea coffee sugar tins pantry,Kitchen and Dining,4.15,online
378,black square table clock,Home Decor,2.55,online
2565,pink flock suede cushion cover,Apparel and Accessories,1.25,online
3133,set of 3 regency cake tins,Kitchen and Dining,4.95,online
3162,set of 4 knick knack tins poppies,Home Decor,4.15,online
1016,doiley storage tin,"Health, Beauty & Personal Care",2.89,online
3489,storage tin vintage leaf,Kitchen and Dining,2.89,online
3628,treasure tin gymkhana design,Home Decor,2.08,online
3627,treasure tin buffalo bill,Home Decor,2.08,online
330,biscuit tin 50's christmas,Seasonal,2.89,online
2991,round storage tin vintage leaf,Kitchen and Dining,1.95,online
3160,set of 4 knick knack tins leaves,Home Decor,4.15,online
51,36 doilies vintage christmas,Seasonal,1.45,online
1327,folkart christmas tree t-light hold,Seasonal,0.38,online
3407,small white heart of wicker,Home Decor,1.69,online
1015,doiley biscuit tin,"Health, Beauty & Personal Care",2.89,online
550,bubblegum ring assorted,Apparel and Accessories,0.42,online
1958,"letter ""l"" bling key ring",Apparel and Accessories,1.25,online
1960,"letter ""n"" bling key ring",Apparel and Accessories,1.25,online
1954,"letter ""h"" bling key ring",Apparel and Accessories,1.25,online
2887,reindeer heart decoration gold,Seasonal,0.83,online
1393,fruit salad bag charm,Apparel and Accessories,1.69,online
953,danish rose umbrella stand,Apparel and Accessories,15.95,online
3573,the king gift bag,Apparel and Accessories,0.65,online
2494,picnic basket wicker 60 pieces,Garden and Outdoor,649.5,online
4012,zinc folkart sleigh bells,Home Decor,1.69,online
3136,set of 3 wooden stocking decoration,Party and Festive,1.25,online
3137,set of 3 wooden tree decorations,Party and Festive,1.25,online
3135,set of 3 wooden sleigh decorations,Party and Festive,1.25,online
3105,set of 2 ceramic christmas trees,Seasonal,1.45,online
3104,set of 2 ceramic christmas reindeer,Seasonal,1.45,online
3750,vintage red enamel trim jug,Kitchen and Dining,3.75,online
1924,large white heart of wicker,Home Decor,2.95,online
2699,popcorn holder,Home Decor,0.85,online
1035,dolphin windmill,Toys and Games,2.12,online
501,blue vintage spot beaker,Kitchen and Dining,0.85,online
1136,egg frying pan red,Kitchen and Dining,2.08,online
2646,pink vintage spot beaker,Kitchen and Dining,0.85,online
1568,green vintage spot beaker,Kitchen and Dining,0.85,online
3734,vintage keepsake box pink flower,Apparel and Accessories,6.35,online
1834,jumbo bag vintage christmas,Seasonal,2.08,online
3391,small pop box funky monkey,Home Decor,1.25,online
778,christmas star wish list chalkboard,Seasonal,1.25,online
1465,glass bead hoop necklace black,Kitchen and Dining,8.5,online
1294,"flower glass garland neckl.36""green",Party and Festive,7.95,online
3725,vintage enamel & crystal necklace,Apparel and Accessories,4.95,online
183,antique raspberry flower earrings,Apparel and Accessories,4.25,online
181,antique olive green flower earrings,Apparel and Accessories,4.25,online
180,antique mid blue flower earrings,Apparel and Accessories,4.25,online
1520,gold/amber drop earrings w leaf,Apparel and Accessories,2.95,online
3329,silver/crystal drop earrings w leaf,Apparel and Accessories,2.95,online
1534,green drop earrings w bead cluster,Apparel and Accessories,3.35,online
779,christmas table candle silver spike,Seasonal,0.83,online
1133,egg frying pan ivory,Kitchen and Dining,2.08,online
1132,egg frying pan blue,Kitchen and Dining,2.08,online
1135,egg frying pan pink,Kitchen and Dining,2.08,online
1134,egg frying pan mint,Kitchen and Dining,2.08,online
3433,space boy childrens cup,Toys and Games,1.25,online
1027,dolly girl childrens cup,Toys and Games,1.25,online
1026,dolly girl childrens bowl,Toys and Games,1.25,online
3442,spaceboy childrens bowl,Toys and Games,1.25,online
2869,red vintage spot beaker,Kitchen and Dining,0.85,online
3689,vintage  2 meter folding ruler,Stationery and Craft,1.65,online
333,biscuit tin vintage leaf,Kitchen and Dining,2.89,online
617,cannister vintage leaf design,Stationery and Craft,1.95,online
3751,vintage red enamel trim mug,Kitchen and Dining,1.25,online
3752,vintage red enamel trim plate,Kitchen and Dining,1.65,online
3756,vintage red trim enamel bowl,Kitchen and Dining,1.25,online
3722,vintage donkey tail game,Toys and Games,3.39,online
331,biscuit tin vintage christmas,Seasonal,2.89,online
1460,glass apothecary bottle perfume,"Health, Beauty & Personal Care",3.95,online
1459,glass apothecary bottle elixir,Kitchen and Dining,3.95,online
1081,drawer knob ceramic ivory,Home Decor,1.45,online
898,crochet dog keyring,Apparel and Accessories,1.65,online
1455,glass  songbird storage jar,Kitchen and Dining,12.5,online
1085,drawer knob crackle glaze ivory,Home Decor,1.65,online
1083,drawer knob crackle glaze blue,Home Decor,1.65,online
1086,drawer knob crackle glaze pink,Apparel and Accessories,1.65,online
1084,drawer knob crackle glaze green,Home Decor,1.65,online
1082,drawer knob ceramic red,Home Decor,1.45,online
1080,drawer knob ceramic black,Home Decor,1.45,online
1461,glass apothecary bottle tonic,Kitchen and Dining,3.95,online
1037,donkey tail game,Toys and Games,3.39,online
3609,transparent acrylic tape dispenser,Stationery and Craft,0.85,online
1817,jumbo bag 50's christmas,Seasonal,2.08,online
1504,gold fabric mirror,Home Decor,0.39,online
1042,doorknob cracked glaze ivory,Home Decor,1.45,online
1040,doorknob cracked glaze blue,Home Decor,1.45,online
3362,small bonne jam jar  t-light holder,Kitchen and Dining,1.79,online
1488,glass twist bon bon jar,Kitchen and Dining,6.65,online
1089,drawer knob vintage glass star,Kitchen and Dining,1.79,online
2351,pack of 6 large fruit straws,Party and Festive,0.62,online
3443,spaceboy childrens cup,Toys and Games,1.25,online
835,cocktail swords 50 pieces,Kitchen and Dining,0.83,online
2440,party charms 50 pieces,Party and Festive,0.83,online
2357,pack of 6 small fruit straws,Party and Festive,0.42,online
2349,pack of 6 cocktail parasol straws,Party and Festive,0.42,online
22,18pc wooden cutlery set disposable,Kitchen and Dining,1.25,online
101,6pc wood plate set disposable,Kitchen and Dining,1.25,online
3543,t-light holder silver heart handle,Home Decor,1.95,online
339,black baroque carriage clock,Administrative,9.95,online
2638,pink stocking christmas decoration,Seasonal,0.38,online
2937,ridged bonne jam jar t-light holder,Kitchen and Dining,1.65,online
823,classical rose table lamp,Home Decor,19.95,online
3360,small apothecary measuring jar,Kitchen and Dining,8.25,online
2541,pink clear glass candle plate,Kitchen and Dining,1.25,online
3629,tree t-light holder willie winkie,Home Decor,1.65,online
3544,t-light holder silver petit four,Kitchen and Dining,1.25,online
1471,glass bonne jam jar,Kitchen and Dining,4.15,online
3985,wrap vintage leaf design,Stationery and Craft,0.42,online
2397,pantry magnetic  shopping list,Kitchen and Dining,1.45,online
1088,drawer knob vintage glass hexagon,Kitchen and Dining,2.08,online
863,cordial glass jug,Kitchen and Dining,8.25,online
1895,large bonne jam jar  t-light holder,Kitchen and Dining,2.89,online
784,christmas tree hanging silver,Seasonal,0.83,online
783,christmas tree hanging gold,Seasonal,0.83,online
3339,sketchbook magnetic shopping list,Apparel and Accessories,1.45,online
2896,retro leaves magnetic notepad,Home Decor,1.45,online
1047,doormat christmas village,Seasonal,7.95,online
3175,set of 4 santa place settings,Seasonal,1.25,online
3881,white wicker star,Home Decor,2.1,online
1773,ivory refectory clock,Home Decor,9.95,online
2824,red refectory clock,Home Decor,9.95,online
2140,mint diner wall clock,Home Decor,8.5,online
2548,pink diner wall clock,Apparel and Accessories,8.5,online
2892,reto leaves magnetic shopping list,Apparel and Accessories,1.45,online
598,candle holder silver madeline,Home Decor,1.65,online
3680,vegetable magnetic  shopping list,Apparel and Accessories,1.45,online
780,christmas table silver candle spike,Seasonal,0.83,online
994,diamante necklace purple,Apparel and Accessories,7.5,online
479,blue refectory clock,Home Decor,9.95,online
189,apothecary measuring jar,Kitchen and Dining,12.5,online
1892,large apothecary measuring jar,Kitchen and Dining,12.5,online
1043,doorknob cracked glaze pink,Apparel and Accessories,1.65,online
1041,doorknob cracked glaze green,Home Decor,1.65,online
1087,drawer knob vintage glass ball,Kitchen and Dining,2.08,online
1485,glass songbird storage jar,Kitchen and Dining,11.15,online
3111,set of 2 tea towels ping microwave,"Health, Beauty & Personal Care",2.95,online
3293,silver book mark with beads,Stationery and Craft,0.85,online
304,bell heart antique gold,Home Decor,2.08,online
3620,travel card wallet vintage leaf,Apparel and Accessories,0.42,online
2554,pink easter hens+flower,Seasonal,3.75,online
1944,leaves magnetic  shopping list,Apparel and Accessories,1.45,online
3776,vip passport cover,Apparel and Accessories,2.1,online
1413,garage key fob,Apparel and Accessories,0.65,online
2981,round blue clock with sucker,Home Decor,0.19,online
2987,round purple clock with sucker,Home Decor,0.19,online
1298,flower purple clock with sucker,Home Decor,0.29,online
1285,flower blue clock with sucker,Home Decor,0.29,online
3159,set of 4 knick knack tins leaf,Home Decor,4.15,online
1431,giant 50's christmas cracker,Seasonal,2.89,online
2187,moroccan beaten metal dish,Kitchen and Dining,9.95,online
2369,packing charge,Administrative,7.5,online
3742,vintage leaf magnetic notepad,Stationery and Craft,1.45,online
528,box of 6 mini vintage crackers,Party and Festive,2.49,online
527,box of 6 mini 50's crackers,Party and Festive,2.49,online
861,copper and brass bag charm,Apparel and Accessories,4.95,online
1761,ivory gold metal bag charm,Apparel and Accessories,4.95,online
3886,white with metal bag charm,Apparel and Accessories,4.95,online
1570,green with metal bag charm,Apparel and Accessories,4.95,online
1905,large crystal diamante hairslide,Apparel and Accessories,1.65,online
1912,large mint diamante hairslide,Apparel and Accessories,1.65,online
1066,doormat vintage leaf,Stationery and Craft,6.75,online
2818,red peony table clock,Home Decor,2.95,online
1872,knitted rabbit doll,Toys and Games,1.65,online
1979,lilac feathers curtain,Home Decor,0.79,online
3694,vintage bead pink jewel box,Apparel and Accessories,4.25,online
3545,t-light holder silver saucer,Kitchen and Dining,0.83,online
3708,vintage christmas bunting,Seasonal,4.95,online
3204,set of 6 tea time baking cases,Kitchen and Dining,1.04,online
3194,set of 6 snack loaf baking cases,Kitchen and Dining,0.72,online
3091,set of 12 fairy cake baking cases,Kitchen and Dining,0.72,online
3094,set of 12 mini loaf baking cases,Kitchen and Dining,0.72,online
3080,set 40 heart shape petit four cases,Kitchen and Dining,1.45,online
2728,psychedelic metal sign calendar,Stationery and Craft,0.79,online
2980,round articulated pink clock w/suck,Apparel and Accessories,0.19,online
1955,"letter ""i"" bling key ring",Apparel and Accessories,1.25,online
1172,enamel jug pantry,Kitchen and Dining,3.75,online
1166,enamel bowl pantry,Kitchen and Dining,1.25,online
1174,enamel mug pantry,Kitchen and Dining,1.25,online
3713,vintage christmas stocking,Seasonal,2.55,online
3714,vintage christmas tablecloth,Seasonal,12.5,online
2365,pack of six led tea lights,Kitchen and Dining,2.89,online
3711,vintage christmas gift sack,Seasonal,4.15,online
3961,wrap christmas village,Seasonal,0.34,online
549,brown kukui coconut seed necklace,Garden and Outdoor,1.0,online
315,bili nut and wood necklace,Apparel and Accessories,1.0,online
3460,spotted white natural seed necklace,Kitchen and Dining,1.0,online
3845,white frangipani necklace,Kitchen and Dining,2.55,online
2746,purple frangipani necklace,Kitchen and Dining,2.55,online
2974,rose pendant triple shell necklace,Apparel and Accessories,4.95,online
2286,orange pendant triple shell necklac,Apparel and Accessories,4.95,online
3954,wrap alphabet poster,Stationery and Craft,0.42,online
1934,laurel star antique gold,Home Decor,1.25,online
2753,purple/blue ceramic candle holder,Home Decor,1.65,online
507,blue/yellow ceramic candle holder,Home Decor,1.65,online
1571,green/blue ceramic candle holder,Home Decor,1.65,online
2740,purple dress jewellery stand,Apparel and Accessories,0.79,online
3957,wrap bird garden,Garden and Outdoor,0.42,online
3977,wrap paisley park,Stationery and Craft,0.42,online
3574,the king gift bag 25x24x12cm,Apparel and Accessories,0.42,online
932,cute rabbit ceature screen,Home Decor,0.39,online
930,cute bird ceature screen,Home Decor,0.39,online
3981,wrap red doiley,"Health, Beauty & Personal Care",0.42,online
3968,wrap flower shop,Stationery and Craft,0.42,online
3975,wrap magic forest,Stationery and Craft,0.42,online
321,bird on branch canvas screen,Home Decor,1.95,online
3951,wrap 50's  christmas,Seasonal,0.42,online
445,blue monte carlo handbag,Apparel and Accessories,1.95,online
2651,pink/blue string curtain,Apparel and Accessories,1.95,online
1737,i love london beaker,Kitchen and Dining,1.25,online
1025,dolly girl beaker,Toys and Games,1.25,online
3440,spaceboy beaker,Toys and Games,1.25,online
1039,doorknob ceramic ivory,Home Decor,1.45,online
2294,oriental red cushion cover,Home Decor,4.65,online
2525,pink bitty light chain,Apparel and Accessories,4.65,online
1976,light pink flock glass candleholder,Kitchen and Dining,0.38,online
2177,money box first aid design,"Health, Beauty & Personal Care",1.25,online
3709,vintage christmas cake frill,Seasonal,1.65,online
2165,miseltoe heart wreath cream,"Health, Beauty & Personal Care",4.15,online
3695,vintage bead pink jewel stand,Apparel and Accessories,4.95,online
1508,gold m.o.p orbit bracelet,Apparel and Accessories,4.95,online
3086,set 8 candles vintage doiley,"Health, Beauty & Personal Care",1.95,online
3096,set of 12 t-lights vintage doiley,"Health, Beauty & Personal Care",1.95,online
3712,vintage christmas paper gift bag,Seasonal,0.82,online
1436,gift bag large vintage christmas,Seasonal,1.25,online
91,6 gift tags vintage christmas,Seasonal,0.83,online
90,6 gift tags 50's christmas,Seasonal,0.83,online
2862,red spot paper gift bag,Kitchen and Dining,0.82,online
2861,red spot gift bag large,Kitchen and Dining,1.25,online
3092,set of 12 fork candles,Kitchen and Dining,2.49,online
454,blue painted kashmiri chair,Apparel and Accessories,49.95,online
2954,roll wrap vintage christmas,Seasonal,1.25,online
2955,roll wrap vintage spot,Kitchen and Dining,1.25,online
1435,gift bag large spot,Kitchen and Dining,1.25,online
2953,roll wrap 50's red christmas,Seasonal,1.25,online
2952,roll wrap 50's christmas,Seasonal,1.25,online
1835,jumbo bag vintage doiley,"Health, Beauty & Personal Care",2.08,online
124,adult apron apple delight,Kitchen and Dining,4.95,online
3949,wrap  vintage doiley,"Health, Beauty & Personal Care",0.42,online
3158,set of 4 knick knack tins doily,"Health, Beauty & Personal Care",4.15,online
3003,rustic strawberry jampot large,Kitchen and Dining,2.08,online
2743,purple enamel+glass hair comb,"Health, Beauty & Personal Care",2.1,online
1836,jumbo bag vintage doily,"Health, Beauty & Personal Care",2.08,online
2025,lunch bag vintage doily,"Health, Beauty & Personal Care",1.65,online
3087,set 8 candles vintage doily,"Health, Beauty & Personal Care",1.95,online
3488,storage tin vintage doily,"Health, Beauty & Personal Care",2.89,online
1781,ivory wicker heart large,Home Decor,1.65,online
971,decorative wicker heart large,Home Decor,1.65,online
216,assorted coloured circle mobile,Home Decor,0.42,online
2104,midnight blue vintage earrings,Apparel and Accessories,3.75,online
972,decorative wicker heart medium,Home Decor,1.25,online
1783,ivory wicker heart small,Home Decor,0.55,online
1782,ivory wicker heart medium,Home Decor,1.04,online
2024,lunch bag vintage doiley,"Health, Beauty & Personal Care",1.65,online
3950,wrap  vintage doily,"Health, Beauty & Personal Care",0.42,online
3487,storage tin vintage doiley,"Health, Beauty & Personal Care",2.89,online
3156,set of 4 knick knack tins  doiley,"Health, Beauty & Personal Care",4.15,online
3084,set 6 school milk bottles in crate,Kitchen and Dining,3.75,online
973,decorative wicker heart small,Home Decor,0.63,online
1617,hanging clear mini bottle,Kitchen and Dining,0.63,online
3097,set of 12 t-lights vintage doily,"Health, Beauty & Personal Care",1.65,online
1635,hanging mini coloured bottles,Kitchen and Dining,0.63,online
3004,rustic strawberry jampot small,Kitchen and Dining,1.65,online
2518,pink acrylic jewel snowflake,Apparel and Accessories,0.38,online
119,"acrylic jewel angel,pink","Health, Beauty & Personal Care",0.38,online
3982,wrap red vintage doily,"Health, Beauty & Personal Care",0.42,online
3002,rustic strawberry jam pot small,Kitchen and Dining,1.65,online
2657,pink/white christmas tree 30cm,Seasonal,0.38,online
120,"acrylic jewel icicle, blue",Home Decor,0.38,online
3001,rustic strawberry jam pot large,Kitchen and Dining,2.08,online
3710,vintage christmas gift bag large,Seasonal,1.04,online
425,blue felt hanging heart with flower,Home Decor,0.85,online
1728,hot water bottle sex bomb,"Health, Beauty & Personal Care",4.95,online
1723,hot stuff hot water bottle,"Health, Beauty & Personal Care",3.75,online
86,50's christmas paper gift bag,Seasonal,0.82,online
2004,love hot water bottle,"Health, Beauty & Personal Care",5.95,online
31,3 black cats w hearts blank card,Stationery and Craft,0.19,online
1644,happy birthday card stripey teddy,Toys and Games,0.19,online
1727,hot water bottle keep calm,"Health, Beauty & Personal Care",4.95,online
991,diamante necklace,Apparel and Accessories,7.5,online
993,diamante necklace green,Apparel and Accessories,7.5,online
85,50's christmas gift bag large,Seasonal,1.25,online
1556,green pair heart hair slides,Apparel and Accessories,3.75,online
864,cordial jug,Kitchen and Dining,8.25,online
1743,ice cream bubbles,Toys and Games,0.83,online
2244,noel garland painted zinc,Seasonal,1.65,online
1605,hand warmer red love heart,"Health, Beauty & Personal Care",2.1,online
3292,silver black orbit drop earrings,Apparel and Accessories,4.25,online
2229,new baroque b'fly necklace red,Apparel and Accessories,8.5,online
996,diamond las vegas necklace 45cm,Apparel and Accessories,5.95,online
2217,natural hanging quilted hearts,Home Decor,0.72,online
1637,hanging quilted patchwork apples,Home Decor,0.83,online
724,childrens toy cooking utensil set,Toys and Games,2.08,online
1645,happy birthday card teddy/cake,Toys and Games,0.19,online
32,3 drawer antique white wood cabinet,Home Decor,8.95,online
1287,flower fairy 5 drawer liners,Home Decor,2.55,online
1140,elephant birthday card,Stationery and Craft,0.42,online
1074,dotcom postage,Administrative,11.17,online
117,"acrylic hanging jewel,blue",Home Decor,0.38,online
2725,pretty hanging quilted hearts,Home Decor,0.83,online
1629,hanging jam jar t-light holders,Kitchen and Dining,0.85,online
3522,sweetheart 3 tier cake stand,Kitchen and Dining,9.95,online
2340,pack of 12 vintage christmas tissue,Seasonal,0.39,online
2321,pack of 12 50's christmas tissues,Seasonal,0.39,online
148,amber drop earrings w long beads,Apparel and Accessories,2.95,online
2330,pack of 12 paisley park tissues,"Health, Beauty & Personal Care",0.39,online
2139,mint diner clock,Home Decor,8.5,online
569,butterfly cushion cover,Home Decor,3.75,online
306,belle jardiniere cushion cover,Kitchen and Dining,3.75,online
2712,poste france cushion cover,Home Decor,3.75,online
3114,set of 2 trays home sweet home,Kitchen and Dining,9.95,online
1711,home sweet home cushion cover,Garden and Outdoor,3.75,online
3484,stool home sweet home,Garden and Outdoor,12.5,online
1337,foot stool home sweet home,Garden and Outdoor,9.95,online
2327,pack of 12 dolly girl tissues,Toys and Games,0.39,online
1712,home sweet home hanging heart,Garden and Outdoor,0.85,online
3630,trellis coat rack,Apparel and Accessories,4.95,online
1622,hanging heart bonheur,Home Decor,0.85,online
1874,la jardin botanique cushion cover,Kitchen and Dining,3.75,online
1709,home sweet home blackboard,Garden and Outdoor,4.95,online
1447,gingham recipe book box,Stationery and Craft,4.95,online
1714,home sweet home key holder,Garden and Outdoor,6.25,online
4010,zinc box sign home,Garden and Outdoor,9.95,online
1707,home sweet home 2 drawer cabinet,Garden and Outdoor,4.95,online
2333,pack of 12 red apple tissues,"Health, Beauty & Personal Care",0.39,online
2342,pack of 12 vintage leaf tissues,"Health, Beauty & Personal Care",0.39,online
2341,pack of 12 vintage doily tissues,"Health, Beauty & Personal Care",0.39,online
1706,home sweeet home 3 peg hanger,Garden and Outdoor,3.75,online
1971,letter holder home sweet home,Garden and Outdoor,3.75,online
1434,gift bag large 50's christmas,Seasonal,1.25,online
2090,metal sign drop your pants,Kitchen and Dining,2.89,online
3486,storage tin home sweet home,Kitchen and Dining,2.49,online
1664,heart mirror antique white,Home Decor,7.5,online
3449,spaceboy rocket lolly makers,Toys and Games,2.08,online
3278,shelf with 4 hooks home sweet home,Garden and Outdoor,6.25,online
1169,enamel dinner plate pantry,Kitchen and Dining,1.65,online
3291,silver black orbit bracelet,Apparel and Accessories,4.95,online
1458,glass and painted beads bracelet to,Kitchen and Dining,3.75,online
1204,fairy tale cottage night light,Stationery and Craft,1.95,online
1713,home sweet home hook,Garden and Outdoor,1.65,online
280,bathroom hook,"Health, Beauty & Personal Care",1.65,online
1708,home sweet home 3 peg hanger,Garden and Outdoor,3.75,online
3715,vintage coffee grinder box,Kitchen and Dining,4.95,online
2490,photo frame linen and lace large,Home Decor,3.75,online
2491,photo frame linen and lace small,Home Decor,2.08,online
3000,rustic mirror with lace heart,Home Decor,6.25,online
923,curio cabinet linen and lace,Home Decor,8.15,online
3927,woodland bunnies lolly makers,Kitchen and Dining,2.08,online
2390,pantry 3 hook rolling pin hanger,Kitchen and Dining,3.75,online
2394,pantry hook spatula,Kitchen and Dining,2.08,online
2393,pantry hook balloon whisk,Party and Festive,2.08,online
2098,metalic leaves bag charms,Apparel and Accessories,2.46,online
1940,lavender toilette bottle,"Health, Beauty & Personal Care",2.08,online
1710,home sweet home bottle,Kitchen and Dining,2.08,online
40,3 raffia ribbons vintage christmas,Seasonal,2.08,online
39,3 raffia ribbons 50's christmas,Seasonal,2.08,online
1738,i love london mini backpack,Apparel and Accessories,4.15,online
1030,dolly girl mini backpack,Toys and Games,4.15,online
3447,spaceboy mini backpack,Toys and Games,4.15,online
1146,embossed heart trinket box,Home Decor,2.08,online
3933,woodland mini backpack,Apparel and Accessories,4.15,online
2373,painted heart wreath with bell,Home Decor,1.25,online
672,chambre hook,Home Decor,1.65,online
762,christmas hanging snowflake,Seasonal,2.49,online
1273,flag of st george car flag,Party and Festive,0.42,online
2395,pantry hook tea strainer,Kitchen and Dining,2.08,online
2392,pantry chopping board,Kitchen and Dining,4.95,online
118,"acrylic hanging jewel,pink",Apparel and Accessories,1.25,online
412,blue climbing hydranga art flower,Home Decor,3.75,online
1943,le jardin botanique cushion cover,Kitchen and Dining,3.75,online
1288,flower fairy 5 summer draw liners,Home Decor,2.55,online
910,crystal sea horse phone charm,Apparel and Accessories,1.63,online
3047,set 10 cards hanging baubles 17080,Toys and Games,2.99,online
2675,playing cards keep calm & carry on,Toys and Games,1.25,online
3055,set 12 colouring pencils doily,"Health, Beauty & Personal Care",0.65,online
3053,set 12 colour pencils spaceboy,Toys and Games,0.65,online
2674,playing cards jubilee union jack,Toys and Games,1.25,online
3072,set 36 colour pencils spaceboy,Toys and Games,1.25,online
2135,mini playing cards spaceboy,Toys and Games,0.42,online
2676,playing cards vintage doiley,Toys and Games,1.25,online
3069,set 36 colour pencils doiley,"Health, Beauty & Personal Care",1.25,online
3050,set 12 colour pencils doiley,"Health, Beauty & Personal Care",0.65,online
2326,pack of 12 doiley tissues,"Health, Beauty & Personal Care",0.39,online
3721,vintage doily travel sewing kit,Toys and Games,1.95,online
3052,set 12 colour pencils love london,Stationery and Craft,0.65,online
3071,set 36 colour pencils love london,Stationery and Craft,1.25,online
1153,embroidered ribbon reel ruby,Party and Festive,3.75,online
1149,embroidered ribbon reel emily,Party and Festive,2.08,online
1151,embroidered ribbon reel rebecca,Party and Festive,2.89,online
3074,set 36 colouring pencils doily,"Health, Beauty & Personal Care",1.25,online
3051,set 12 colour pencils dolly girl,Toys and Games,0.65,online
2673,playing cards i love london,Toys and Games,1.25,online
3070,set 36 colour pencils dolly girl,Toys and Games,1.25,online
1152,embroidered ribbon reel rosie,Party and Festive,2.08,online
1148,embroidered ribbon reel daisy,Party and Festive,2.08,online
1154,embroidered ribbon reel sally,Party and Festive,2.08,online
1150,embroidered ribbon reel rachel,Party and Festive,2.89,online
2134,mini playing cards gymkhana,Toys and Games,0.42,online
2132,mini playing cards dolly girl,Toys and Games,0.42,online
2133,mini playing cards fun fair,Toys and Games,0.42,online
2131,mini playing cards buffalo bill,Toys and Games,0.42,online
1156,embroidered ribbon reel susie,Party and Festive,2.08,online
1328,folkart clip on stars,Home Decor,0.39,online
2982,round cactus candle,Home Decor,2.95,online
1031,dolly girl mini rucksack,Toys and Games,4.15,online
3448,spaceboy mini rucksack,Toys and Games,4.15,online
2677,playing cards vintage doily,Toys and Games,1.25,online
985,diamante hair grip pack/2 crystal,Apparel and Accessories,1.65,online
1893,large black diamante hairslide,Apparel and Accessories,1.65,online
988,diamante hair grip pack/2 peridot,Apparel and Accessories,1.65,online
23,2 daisies hair comb,"Health, Beauty & Personal Care",2.95,online
942,daisy hair comb,"Health, Beauty & Personal Care",2.55,online
2741,purple enamel flower hair tie,Apparel and Accessories,2.95,online
2546,pink daisy bag charm,Apparel and Accessories,2.55,online
811,classic diamante earrings jet,Apparel and Accessories,2.95,online
1092,drop diamante earrings green,Apparel and Accessories,2.95,online
336,black 3 bead drop earrings,Apparel and Accessories,2.95,online
1155,embroidered ribbon reel sophie,Party and Festive,3.75,online
1147,embroidered ribbon reel claire,Party and Festive,3.75,online
3719,vintage doily deluxe sewing kit,Toys and Games,5.95,online
2323,pack of 12 christmas fun cards,Seasonal,2.95,online
3415,smokey grey colour glass,Kitchen and Dining,0.29,online
2233,new baroque large necklace blk/whit,Apparel and Accessories,8.5,online
351,black diamond cluster necklace,Apparel and Accessories,8.95,online
3523,sweetheart bird house,Garden and Outdoor,4.15,online
3658,tuscan villa dovecote,Garden and Outdoor,8.25,online
630,card holder love bird small,Stationery and Craft,4.15,online
1674,heart trellistriple t-light holder,Home Decor,2.89,online
3741,vintage leaf chopping board,Apparel and Accessories,4.95,online
2700,poppy fields chopping board,Apparel and Accessories,4.95,online
2789,red apples chopping board,Apparel and Accessories,4.95,online
3338,six drawer office tidy,Home Decor,9.95,online
3679,vegetable garden chopping board,Garden and Outdoor,4.95,online
2239,nine drawer office tidy,Home Decor,14.95,online
629,card holder love bird large,Stationery and Craft,6.25,online
1720,horse & pony wall art,Home Decor,3.75,online
312,bicycle saftey wall art,Home Decor,5.95,online
3485,stop for tea wall art,Kitchen and Dining,5.95,online
3792,wall art classic puddings,Home Decor,8.25,online
2443,party cones candy decoration,Party and Festive,2.46,online
3800,wall art loves' secret,Home Decor,3.88,online
1008,dog and ball wall art,Home Decor,1.63,online
1012,dog licence wall art,Home Decor,3.88,online
3796,wall art garden haven,Garden and Outdoor,3.88,online
102,70's alphabet wall art,Home Decor,6.67,online
3451,spaceboy wall art,Toys and Games,2.66,online
1845,keep calm wall art,Home Decor,7.45,online
3802,wall art only one person,Home Decor,3.58,online
3808,wall art vintage heart,Stationery and Craft,3.58,online
648,cat and bird wall art,Home Decor,1.12,online
3625,treasure ahoy wall art,Home Decor,2.66,online
3789,wall art big love,Home Decor,4.77,online
161,animals and nature wall art,Home Decor,3.75,online
1610,hanging  butterfly t-light holder,Home Decor,1.25,online
1032,dolly girl wall art,Toys and Games,3.75,online
3687,village show wall art,Home Decor,5.95,online
3801,wall art mid century modern,Home Decor,8.25,online
3809,wall art work rest and play,Toys and Games,4.15,online
552,buffalo bill wall art,Home Decor,3.29,online
3805,wall art the magic forest,Home Decor,6.25,online
1740,i love london wall art,Home Decor,4.95,online
3799,wall art keep calm,Home Decor,8.25,online
3788,wall art bicycle saftey,Home Decor,5.95,online
3790,wall art buffalo bill,Home Decor,2.66,online
3807,wall art village show,Home Decor,5.95,online
3804,wall art stop for tea,Kitchen and Dining,5.95,online
3794,wall art dog licence,Home Decor,5.35,online
3798,wall art i love london,Home Decor,4.95,online
3785,wall art 70's alphabet,Home Decor,8.25,online
1854,key ring baseball boot assorted,Apparel and Accessories,1.04,online
3797,wall art horse & pony,Home Decor,3.75,online
3786,wall art animals and nature,Home Decor,3.75,online
2591,pink horse sock puppet kit,Toys and Games,2.95,online
3660,tuscan villa feeding station,Garden and Outdoor,8.25,online
1855,key ring baseball boot union jack,Apparel and Accessories,1.04,online
150,amber glass tassle bag charm,Kitchen and Dining,2.95,online
2749,purple glass tassle bag charm,Kitchen and Dining,2.95,online
3787,wall art bicycle safety,Home Decor,5.95,online
3803,wall art spaceboy,Toys and Games,3.75,online
3795,wall art dolly girl,Toys and Games,3.75,online
1739,i love london mini rucksack,Apparel and Accessories,4.15,online
3073,set 36 colouring pencils doiley,"Health, Beauty & Personal Care",1.25,online
3054,set 12 colouring pencils doiley,"Health, Beauty & Personal Care",0.65,online
3934,woodland mini rucksack,Apparel and Accessories,4.15,online
1673,heart trellis triple t-light holder,Home Decor,2.89,online
3793,wall art dog and ball,Home Decor,2.89,online
3791,wall art cat and bird,Home Decor,2.89,online
3782,"wall art , loves' secret",Home Decor,5.95,online
3810,"wall art,only one person",Home Decor,4.95,online
3784,"wall art ,puddings",Home Decor,7.45,online
2101,midnight blue drop crystal necklace,Apparel and Accessories,2.95,online
3657,tuscan villa bird table,Home Decor,8.25,online
3690,vintage  2 metre folding ruler,Stationery and Craft,1.65,online
2214,n0 singing metal sign,Home Decor,2.1,online
3666,ubo-light triobase purple,Home Decor,0.85,online
3287,silver 2 strand necklace-leaf charm,Apparel and Accessories,7.5,online
876,cracked glaze earrings red,Apparel and Accessories,2.55,online
1094,drop earrings w flower & leaf,Apparel and Accessories,2.55,online
3314,silver m.o.p. orbit necklace,Apparel and Accessories,2.95,online
2996,ruby glass cluster earrings,Kitchen and Dining,1.25,online
1510,gold m.o.p. orbit necklace,Apparel and Accessories,2.95,online
3659,tuscan villa dovecote bird feeder,Garden and Outdoor,8.25,online
3783,"wall art , the magic forest",Home Decor,6.95,online
882,cream bunny easter egg basket,Seasonal,1.65,online
2530,pink bunny easter egg basket,Seasonal,1.65,online
404,blue bunny easter egg basket,Seasonal,1.65,online
353,black drop crystal necklace,Apparel and Accessories,2.95,online
3806,wall art treasure ahoy,Home Decor,3.75,online
526,box of 6 christmas cake decorations,Seasonal,3.75,online
1689,henrietta hen mug,Kitchen and Dining,1.65,online
2107,milk maids mug,Kitchen and Dining,1.65,online
1130,egg cup milkmaid ingrid,Kitchen and Dining,1.25,online
2580,pink hanging heart t-light holder,Apparel and Accessories,2.95,online
1127,egg cup henrietta hen pink,Kitchen and Dining,1.25,online
3519,sweet heart cake carrier,Kitchen and Dining,9.95,online
3542,t-light holder hanging love bird,Home Decor,3.75,online
2305,oval  mini portrait frame,Home Decor,1.95,online
1663,heart mini portrait frame,Home Decor,1.95,online
3468,square mini portrait frame,Home Decor,1.95,online
2472,pearlised ivory heart large,Home Decor,1.65,online
1022,dolly cabinet 2 drawers,Toys and Games,12.5,online
1129,egg cup milkmaid helga,Kitchen and Dining,1.25,online
2078,medium parlour picture frame,Home Decor,4.15,online
3772,vintage zinc watering can,Garden and Outdoor,9.95,online
3773,vintage zinc watering can small,Garden and Outdoor,4.95,online
1914,large parlour picture frame,Home Decor,4.95,online
3387,small parlour picture frame,Home Decor,2.89,online
1126,egg cup henrietta hen cream,"Health, Beauty & Personal Care",1.25,online
1128,egg cup milkmaid heidi,Kitchen and Dining,1.25,online
3771,vintage zinc planter,Garden and Outdoor,3.29,online
3897,wire egg basket,Home Decor,7.85,online
2473,pearlised ivory heart small,Home Decor,1.25,online
1023,dolly cabinet 3 drawers,Toys and Games,14.95,online
3418,snack tray i love london,Kitchen and Dining,1.95,online
1698,high resolution image,Administrative,3.0,online
1886,landmark frame london bridge,Home Decor,10.95,online
1885,landmark frame covent garden,Kitchen and Dining,10.95,online
1888,landmark frame oxford street,Home Decor,10.95,online
1883,landmark frame baker street,Home Decor,12.5,online
1887,landmark frame notting hill,Home Decor,12.5,online
1884,landmark frame camden town,Home Decor,12.5,online
1427,"garland, vintage bells",Party and Festive,2.89,online
3731,vintage jingle bells heart,Stationery and Craft,8.25,online
3732,vintage jingle bells wreath,Stationery and Craft,8.25,online
3930,woodland large blue felt heart,Home Decor,1.25,online
3931,woodland large pink felt heart,Apparel and Accessories,1.25,online
3932,woodland large red felt heart,Home Decor,1.25,online
178,antique heart shelf unit,Home Decor,16.65,online
2128,mini lights woodland mushrooms,Garden and Outdoor,3.29,online
3938,woodland small red felt heart,Home Decor,0.72,online
3529,sweetheart wall tidy,Home Decor,9.95,online
2950,rococo wall mirror white,Home Decor,19.95,online
3060,set 12 vintage doily chalk,"Health, Beauty & Personal Care",0.42,online
513,botanical gardens wall clock,Garden and Outdoor,25.0,online
3699,vintage bells garland,Party and Festive,2.89,online
275,baroque butterfly earrings crystal,Apparel and Accessories,3.75,online
2949,rococo wall miror,Home Decor,19.95,online
975,decrotivevintage coffee grinder box,Kitchen and Dining,4.95,online
3604,traditional pick up sticks game,Toys and Games,1.25,online
3129,set of 3 mini hanging portraits,Home Decor,4.15,online
3603,traditional naughts & crosses,Toys and Games,1.65,online
3607,tradtional alphabet stamp set,Stationery and Craft,4.95,online
3076,set 4 picnic cutlery blueberry,Kitchen and Dining,1.95,online
3576,three mini hanging frames,Home Decor,4.15,online
3936,woodland small blue felt heart,Home Decor,0.83,online
3720,vintage doily jumbo bag red,"Health, Beauty & Personal Care",2.08,online
2016,lunch bag paisley park,Apparel and Accessories,1.65,online
1824,jumbo bag paisley park,Apparel and Accessories,1.79,online
3665,ubo-light triobase blue,Home Decor,0.85,online
3147,set of 36 vintage christmas doilies,Seasonal,1.45,online
3145,set of 36 spaceboy paper doilies,Toys and Games,1.45,online
3141,set of 36 dolly girl paper doilies,Toys and Games,1.45,online
3494,strawberry ceramic trinket pot,Kitchen and Dining,1.25,online
970,decorative vintage coffee  box,Kitchen and Dining,4.95,online
3144,set of 36 pantry paper doilies,"Health, Beauty & Personal Care",1.45,online
3078,set 4 picnic cutlery fondant,Kitchen and Dining,1.95,online
3937,woodland small pink felt heart,Apparel and Accessories,0.83,online
3319,silver record cover frame,Stationery and Craft,3.75,online
809,classic chrome bicycle bell,Apparel and Accessories,1.45,online
3077,set 4 picnic cutlery cherry,Kitchen and Dining,1.95,online
3131,set of 3 pantry wooden spoons,Kitchen and Dining,1.25,online
2396,pantry kitchen thermometer,Toys and Games,1.25,online
1974,light decoration battery operated,Party and Festive,2.1,online
1844,keep calm birthday wrap,Stationery and Craft,0.42,online
151,amber glass/shell/pearl necklace,Kitchen and Dining,8.95,online
82,5 strand glass necklace amethyst,Kitchen and Dining,6.35,online
2997,ruby glass cluster necklace,Kitchen and Dining,7.5,online
812,classic diamante necklace jet,Apparel and Accessories,7.5,online
992,diamante necklace black,Apparel and Accessories,7.5,online
3974,wrap keep calm birthday,Stationery and Craft,0.42,online
2020,lunch bag red vintage doily,"Health, Beauty & Personal Care",1.65,online
375,black sil't squ candle plate,Kitchen and Dining,2.1,online
169,ant silver turquoise boudicca ring,Apparel and Accessories,2.95,online
2621,pink polkadot plate,Kitchen and Dining,1.69,online
3471,st george set of 10 party lights,Party and Festive,2.95,online
3952,wrap a pretty thank you,Stationery and Craft,0.42,online
810,classic crome bicycle bell,Apparel and Accessories,1.25,online
1017,doily thank you card,"Health, Beauty & Personal Care",0.42,online
108,a pretty thank you card,Stationery and Craft,0.42,online
383,black vint art dec crystal bracelet,Apparel and Accessories,6.75,online
3656,tuscan villa bird feeder,Garden and Outdoor,8.25,online
2406,paper bunting vintage party,Party and Festive,2.95,online
2403,paper bunting paisley park,Party and Festive,2.95,online
1913,large parlour frame,Home Decor,4.95,online
2077,medium parlour frame,Home Decor,4.15,online
3386,small parlour frame,Home Decor,2.89,online
1299,flower shop design mug,Kitchen and Dining,1.65,online
2972,rose flower candle+incense 16x16cm,"Health, Beauty & Personal Care",3.75,online
3841,white christmas tree 60cm,Seasonal,2.95,online
2386,paisley park card,Stationery and Craft,0.42,online
2315,pack 3 boxes christmas panettone,Seasonal,1.95,online
2313,pack 3 boxes bird panettone,Kitchen and Dining,4.13,online
847,coloured glass star t-light holder,Kitchen and Dining,6.63,online
904,crystal czech cross phone charm,Apparel and Accessories,1.63,online
5,12 hanging eggs hand painted,Home Decor,2.08,online
3181,set of 6 easter rainbow chicks,Seasonal,1.25,online
1096,dusty pink christmas tree 60cm,Seasonal,2.95,online
1774,ivory retro kitchen wall clock,Toys and Games,8.15,online
2352,pack of 6 panettone gift boxes,Kitchen and Dining,2.1,online
651,cat with sunglasses blank card,Kitchen and Dining,0.19,online
480,blue retro kitchen wall clock,Toys and Games,8.15,online
2825,red retro kitchen wall clock,Toys and Games,8.15,online
3860,white moroccan metal lantern,Home Decor,3.75,online
1599,hand painted hanging easter egg,Seasonal,0.42,online
3671,union jack hot water bottle,"Health, Beauty & Personal Care",5.95,online
3873,white stone/crystal earrings,Apparel and Accessories,2.95,online
2100,midnight blue crystal drop earrings,Apparel and Accessories,2.95,online
2372,paint your own eggs in crate,Stationery and Craft,2.08,online
311,bicycle puncture repair kit,Toys and Games,2.08,online
807,classic bicycle clips,Apparel and Accessories,1.45,online
899,crochet lilac/red bear keyring,Apparel and Accessories,1.65,online
3420,snack tray red gingham,Kitchen and Dining,1.95,online
3417,snack tray happy forest,Kitchen and Dining,1.95,online
3419,snack tray paisley park,Kitchen and Dining,1.95,online
3190,set of 6 ribbons country style,Party and Festive,2.89,online
3421,snack tray red vintage doily,"Health, Beauty & Personal Care",1.95,online
3192,set of 6 ribbons perfectly pretty,Party and Festive,2.89,online
1440,gin and tonic diet metal sign,Home Decor,2.55,online
3191,set of 6 ribbons party,Party and Festive,2.89,online
3288,silver and black orbit necklace,Apparel and Accessories,2.95,online
1952,"letter ""f"" bling key ring",Apparel and Accessories,0.29,online
1961,"letter ""o"" bling key ring",Apparel and Accessories,0.29,online
1965,"letter ""t"" bling key ring",Apparel and Accessories,0.29,online
1966,"letter ""u"" bling key ring",Apparel and Accessories,0.29,online
1968,"letter ""w"" bling key ring",Apparel and Accessories,0.29,online
1970,"letter ""z"" bling key ring",Apparel and Accessories,0.29,online
2544,pink crystal skull phone charm,Apparel and Accessories,0.19,online
888,cream hanging heart t-light holder,"Health, Beauty & Personal Care",2.95,online
2414,"paper craft , little birdie",Stationery and Craft,2.08,online
522,bottled water,Miscellaneous,7.61,supermarket
601,candles,Miscellaneous,3.57,supermarket
1036,domestic eggs,Miscellaneous,1.17,supermarket
1005,dishes,Miscellaneous,3.59,supermarket
1754,instant food products,Miscellaneous,2.28,supermarket
3637,tropical fruit,Produce,3.73,supermarket
3280,shopping bags,Household,1.55,supermarket
565,butter,Dairy,4.84,supermarket
2304,other vegetables,Produce,4.98,supermarket
3891,whole milk,Dairy,2.19,supermarket
4004,yogurt,Dairy,4.49,supermarket
837,coffee,Beverages,3.37,supermarket
1391,frozen potato products,Miscellaneous,4.51,supermarket
1392,frozen vegetables,Produce,5.06,supermarket
521,bottled beer,Beverages,2.47,supermarket
803,citrus fruit,Produce,3.56,supermarket
3359,sliced cheese,Dairy,3.02,supermarket
3778,waffles,Bakery & Snacks,1.62,supermarket
741,chocolate,Miscellaneous,8.11,supermarket
1595,hamburger meat,Meat,13.95,supermarket
921,curd,Dairy,1.84,supermarket
1284,flower (seeds),Gardening,14.34,supermarket
2281,onions,Miscellaneous,3.51,supermarket
547,brown bread,Bakery & Snacks,2.19,supermarket
3823,whipped/sour cream,Dairy,1.97,supermarket
3426,soda,Beverages,7.22,supermarket
824,cleaner,Cleaning & Hygiene,3.94,supermarket
3029,sausage,Meat,11.62,supermarket
307,berries,Produce,4.28,supermarket
3455,specialty chocolate,Miscellaneous,2.71,supermarket
2956,rolls/buns,Bakery & Snacks,1.83,supermarket
1395,fruit/vegetable juice,Produce,4.05,supermarket
2062,margarine,Condiments & Spices,2.85,supermarket
2951,roll products,Bakery & Snacks,3.64,supermarket
3667,uht-milk,Dairy,1.97,supermarket
3028,sauces,Condiments & Spices,2.27,supermarket
2237,newspapers,Household,3.37,supermarket
1996,long life bakery product,Bakery & Snacks,1.47,supermarket
602,candy,Miscellaneous,8.15,supermarket
1341,frankfurter,Miscellaneous,7.05,supermarket
303,beef,Meat,6.01,supermarket
3424,soap,Cleaning & Hygiene,2.56,supermarket
2714,pot plants,Gardening,2.25,supermarket
2961,root vegetables,Produce,3.43,supermarket
979,dessert,Bakery & Snacks,2.98,supermarket
1524,grapes,Produce,3.05,supermarket
3046,semi-finished bread,Bakery & Snacks,2.17,supermarket
705,chewing gum,Miscellaneous,6.22,supermarket
3835,white bread,Bakery & Snacks,3.52,supermarket
3025,salty snack,Bakery & Snacks,1.0,supermarket
1648,hard cheese,Dairy,1.47,supermarket
613,canned beer,Beverages,7.97,supermarket
2279,oil,Pantry,1.57,supermarket
2464,pastry,Bakery & Snacks,3.77,supermarket
1742,ice cream,Dairy,3.7,supermarket
1283,flour,Pantry,5.44,supermarket
1753,instant coffee,Beverages,9.52,supermarket
1718,honey,Condiments & Spices,4.7,supermarket
2726,processed cheese,Dairy,1.4,supermarket
2213,mustard,Condiments & Spices,3.04,supermarket
2072,meat spreads,Meat,12.33,supermarket
650,cat food,Pet Care,4.76,supermarket
831,cling film/bags,Household,1.26,supermarket
1594,ham,Meat,11.93,supermarket
1973,light bulbs,Miscellaneous,4.19,supermarket
2872,red/blush wine,Beverages,1.08,supermarket
3432,soups,Miscellaneous,6.83,supermarket
747,chocolate marshmallow,Miscellaneous,3.6,supermarket
1988,liquor,Beverages,8.86,supermarket
2216,napkins,Household,1.54,supermarket
264,baking powder,Miscellaneous,2.91,supermarket
3688,vinegar,Condiments & Spices,1.98,supermarket
1390,frozen meals,Miscellaneous,6.78,supermarket
3521,sweet spreads,Condiments & Spices,2.91,supermarket
3509,sugar,Miscellaneous,8.38,supermarket
1734,hygiene articles,Personal Care,6.36,supermarket
1992,liver loaf,Meat,14.71,supermarket
2662,pip fruit,Produce,2.69,supermarket
2071,meat,Meat,6.33,supermarket
883,cream cheese,Dairy,2.68,supermarket
1789,jam,Condiments & Spices,3.1,supermarket
1696,herbs,Miscellaneous,7.16,supermarket
2998,rum,Miscellaneous,7.9,supermarket
3463,spread cheese,Dairy,3.73,supermarket
309,beverages,Beverages,8.88,supermarket
3427,soft cheese,Dairy,4.71,supermarket
2492,photo/film,Household,4.91,supermarket
2163,misc. beverages,Beverages,2.19,supermarket
2067,mayonnaise,Miscellaneous,6.37,supermarket
1387,frozen dessert,Bakery & Snacks,3.71,supermarket
2493,pickled vegetables,Produce,1.04,supermarket
4033,zwieback,Miscellaneous,5.6,supermarket
3539,syrup,Condiments & Spices,2.25,supermarket
566,butter milk,Dairy,4.94,supermarket
3453,specialty bar,Miscellaneous,2.92,supermarket
2936,rice,Pantry,4.78,supermarket
980,detergent,Cleaning & Hygiene,2.03,supermarket
707,chicken,Meat,5.1,supermarket
3024,salt,Condiments & Spices,3.6,supermarket
3045,seasonal products,Condiments & Spices,1.39,supermarket
3882,white wine,Beverages,5.75,supermarket
3646,turkey,Miscellaneous,3.7,supermarket
1989,liquor (appetizer),Beverages,2.09,supermarket
246,baby cosmetics,Personal Care,9.09,supermarket
1004,dish cleaner,Cleaning & Hygiene,7.01,supermarket
3452,sparkling wine,Beverages,1.55,supermarket
2482,pet care,Pet Care,9.68,supermarket
3454,specialty cheese,Dairy,1.58,supermarket
2698,popcorn,Miscellaneous,3.65,supermarket
3429,softener,Cleaning & Hygiene,5.48,supermarket
1011,dog food,Pet Care,5.14,supermarket
854,condensed milk,Dairy,1.32,supermarket
2710,pork,Meat,6.74,supermarket
2271,nut snack,Bakery & Snacks,1.13,supermarket
2055,make up remover,Personal Care,11.88,supermarket
1730,house keeping products,Miscellaneous,8.5,supermarket
922,curd cheese,Dairy,1.84,supermarket
615,canned fruit,Produce,5.18,supermarket
1848,ketchup,Condiments & Spices,2.89,supermarket
1388,frozen fish,Miscellaneous,3.21,supermarket
2292,organic sausage,Meat,10.48,supermarket
670,cereals,Bakery & Snacks,3.6,supermarket
2368,packaged fruit/vegetables,Produce,4.75,supermarket
576,cake bar,Bakery & Snacks,1.0,supermarket
1258,finished products,Bakery & Snacks,1.58,supermarket
614,canned fish,Miscellaneous,4.08,supermarket
2272,nuts/prunes,Miscellaneous,2.55,supermarket
3577,tidbits,Miscellaneous,6.01,supermarket
978,dental care,Miscellaneous,3.85,supermarket
2727,prosecco,Beverages,7.57,supermarket
1866,kitchen towels,Kitchen,5.41,supermarket
2460,pasta,Pantry,4.43,supermarket
112,abrasive cleaner,Cleaning & Hygiene,7.44,supermarket
1269,fish,Miscellaneous,4.49,supermarket
616,canned vegetables,Produce,5.82,supermarket
2715,potato products,Miscellaneous,1.92,supermarket
836,cocoa drinks,Beverages,1.73,supermarket
3416,snack products,Bakery & Snacks,1.58,supermarket
955,decalcifier,Cleaning & Hygiene,7.04,supermarket
3551,tea,Beverages,4.69,supermarket
197,artif. sweetener,Condiments & Spices,3.49,supermarket
535,brandy,Beverages,8.05,supermarket
3456,specialty fat,Miscellaneous,6.66,supermarket
3457,specialty vegetables,Produce,5.23,supermarket
1987,liqueur,Miscellaneous,9.03,supermarket
1249,female sanitary products,Personal Care,6.99,supermarket
860,cookware,Kitchen,22.89,supermarket
3458,spices,Condiments & Spices,4.91,supermarket
2724,preservation products,Condiments & Spices,1.89,supermarket
2993,rubbing alcohol,Cleaning & Hygiene,5.08,supermarket
2732,pudding powder,Miscellaneous,1.59,supermarket
252,bags,Household,3.27,supermarket
3587,toilet cleaner,Cleaning & Hygiene,4.97,supermarket
2059,male cosmetics,Personal Care,3.23,supermarket
1591,hair spray,Personal Care,7.12,supermarket
3022,salad dressing,Condiments & Spices,5.25,supermarket
3824,whisky,Beverages,5.97,supermarket
2770,ready soups,Miscellaneous,7.84,supermarket
2291,organic products,Miscellaneous,9.93,supermarket
3340,skin care,Personal Care,6.42,supermarket
1389,frozen fruits,Produce,5.86,supermarket
880,cream,Dairy,4.21,supermarket
1386,frozen chicken,Meat,10.21,supermarket
858,cooking chocolate,Miscellaneous,7.67,supermarket
279,bathroom cleaner,Cleaning & Hygiene,3.73,supermarket
1300,flower soil/fertilizer,Gardening,8.6,supermarket
1867,kitchen utensil,Kitchen,8.88,supermarket
